,chanelTitle,Title,describe,Published_date,Views,Likes,Comments
0,‡πÄ‡∏£‡∏µ‡∏¢‡∏ô‡∏ï‡πà‡∏≠‡πÑ‡∏´‡∏ô‡∏î‡∏µ,‡πÄ‡∏£‡∏µ‡∏¢‡∏ô‡∏ï‡πà‡∏≠‡πÑ‡∏´‡∏ô‡∏î‡∏µ : Vlog ‡∏û‡∏≤‡∏ó‡∏±‡∏ß‡∏£‡πå ‡∏Ñ‡∏ì‡∏∞‡∏¢‡∏≠‡∏î‡∏ô‡∏¥‡∏¢‡∏° ‡∏°.‡∏Ç‡∏≠‡∏ô‡πÅ‡∏Å‡πà‡∏ô,"‡∏Ñ‡∏•‡∏¥‡∏õ‡∏ô‡∏µ‡πâ‡πÄ‡∏£‡∏≤‡∏≠‡∏¢‡∏π‡πà‡∏Å‡∏±‡∏ô‡∏ó‡∏µ‡πà‡∏°‡∏´‡∏≤‡∏ß‡∏¥‡∏ó‡∏¢‡∏≤‡∏•‡∏±‡∏¢‡∏Ç‡∏≠‡∏ô‡πÅ‡∏Å‡πà‡∏ô‡∏ô‡∏ô‡∏ô‡∏ô ‡πÄ‡∏¢‡πâ ‡∏ß‡∏±‡∏ô‡∏ô‡∏µ‡πâ‡∏û‡∏µ‡πà‡πÄ‡∏ï‡∏¢‡∏Å‡∏±‡∏ö‡∏û‡∏µ‡πà‡∏ó‡πá‡∏≠‡∏õ‡∏à‡∏∞‡∏û‡∏≤‡∏ó‡∏±‡∏ß‡∏£‡πå‡∏°‡∏≠‡∏Ç‡∏≠‡∏ô‡πÅ‡∏Å‡πà‡πÅ‡∏ö‡∏ö‡∏à‡∏±‡∏î‡πÄ‡∏ï‡πá‡∏°! ‡∏°‡∏≤‡∏î‡∏π‡∏Å‡∏±‡∏ô‡∏ß‡πà‡∏≤‡∏°‡∏µ‡∏Ñ‡∏ì‡∏∞‡∏¢‡∏≠‡∏î‡∏ô‡∏¥‡∏¢‡∏°‡πÅ‡∏•‡∏∞ Facility ‡∏≠‡∏∞‡πÑ‡∏£‡∏ö‡πâ‡∏≤‡∏á ‡πÑ‡∏õ‡∏î‡∏π‡∏Å‡∏±‡∏ô‡πÄ‡∏•‡πâ‡∏¢‡∏¢‡∏¢!!

‡∏ï‡∏¥‡∏î‡∏ï‡∏≤‡∏°‡πÄ‡∏£‡∏µ‡∏¢‡∏ô‡∏ï‡πà‡∏≠‡πÑ‡∏´‡∏ô‡∏î‡∏µ‡πÑ‡∏î‡πâ‡∏ï‡∏≤‡∏°‡∏•‡∏¥‡∏á‡∏Ñ‡πå‡∏î‡πâ‡∏≤‡∏ô‡∏•‡πà‡∏≤‡∏á‡∏ô‡∏µ‡πâ‡πÄ‡∏•‡∏¢ üëáüèª
Fb : ‡πÄ‡∏£‡∏µ‡∏¢‡∏ô‡∏ï‡πà‡∏≠‡πÑ‡∏´‡∏ô‡∏î‡∏µ
IG : https://www.instagram.com/reantornhaid
Youtube : https://www.youtube.com/channel/UCbxn-vT3bKLLcnoQA_9-K2Q

#‡πÄ‡∏£‡∏µ‡∏¢‡∏ô‡∏ï‡πà‡∏≠‡πÑ‡∏´‡∏ô‡∏î‡∏µ #‡∏°‡∏´‡∏≤‡∏•‡∏±‡∏¢ #‡∏°‡∏´‡∏≤‡∏•‡∏±‡∏¢‡∏Ç‡∏≠‡∏ô‡πÅ‡∏Å‡πà‡∏ô",2022-06-14,33369,1110,40
1,Gee Babygee,KKU Vlog | ‡∏ó‡∏±‡∏ß‡∏£‡πå‡∏°‡∏Ç.| ‡∏°‡∏Ç.‡∏Å‡∏ß‡πâ‡∏≤‡∏á‡πÉ‡∏´‡∏ç‡πà‡∏Ç‡∏ô‡∏≤‡∏î‡∏ô‡∏µ‡πâ ‡πÄ‡∏£‡∏µ‡∏¢‡∏ô‡∏Å‡∏µ‡πà‡∏õ‡∏µ‡∏ñ‡∏∂‡∏á‡∏à‡∏∞‡∏´‡∏≤‡πÅ‡∏ü‡∏ô‡πÄ‡∏à‡∏≠‡∏Ñ‡∏∞‡πÄ‡∏ô‡∏µ‡πà‡∏¢,"‡∏ß‡∏±‡∏ô‡∏ô‡∏µ‡πâ‡∏û‡∏≤‡∏°‡∏≤‡∏ó‡∏±‡∏ß‡∏£‡πå‡∏°‡∏´‡∏≤‡∏ß‡∏¥‡∏ó‡∏¢‡∏≤‡∏•‡∏±‡∏¢‡∏Ç‡∏≠‡∏ô‡πÅ‡∏Å‡πà‡∏ô‡∏Ñ‡πà‡∏≤‡∏≤ ‡πÄ‡∏õ‡πá‡∏ô‡πÅ‡∏•‡∏ô‡∏î‡πå‡∏°‡∏≤‡∏£‡πå‡∏Ñ‡∏ó‡∏µ‡πà‡∏ô‡∏±‡∏Å‡∏®‡∏∂‡∏Å‡∏©‡∏≤‡∏ä‡∏≠‡∏ö‡πÑ‡∏õ‡∏Ñ‡πà‡∏∞ ‡∏™‡∏ß‡∏¢‡∏á‡∏≤‡∏°‡∏°‡∏≤‡∏Å ‡∏°‡∏Ç.‡∏¢‡∏±‡∏á‡∏™‡∏ß‡∏¢‡∏Ç‡∏ô‡∏≤‡∏î‡∏ô‡∏µ‡πâ‡∏ï‡πâ‡∏≠‡∏á‡∏°‡∏≤‡∏î‡∏π‡πÅ‡∏•‡πâ‡∏ß‡∏•‡πà‡∏∞‡∏Ñ‡πà‡∏∞‡∏ß‡πà‡∏≤‡∏ô‡∏±‡∏Å‡∏®‡∏∂‡∏Å‡∏©‡∏≤‡πÄ‡∏Ñ‡πâ‡∏≤‡∏à‡∏∞‡∏™‡∏ß‡∏¢‡∏Ç‡∏ô‡∏≤‡∏î‡πÑ‡∏´‡∏ô
‡∏ù‡∏≤‡∏Å‡∏Å‡∏î‡πÑ‡∏•‡∏Ñ‡πå‡∏Å‡∏î‡πÅ‡∏ä‡∏£‡πå‡∏≠‡∏±‡∏•‡∏ö‡∏±‡πâ‡∏°‡∏£‡∏π‡∏õ‡∏à‡∏µ‡∏î‡πâ‡∏ß‡∏¢‡∏ô‡πâ‡∏≤‡∏≤‡∏≤‡∏•‡∏¥‡∏á‡∏Ñ‡πå‡∏ô‡∏µ‡πâ‡πÄ‡∏•‡∏¢‡∏Ñ‡πà‡∏∞
https://www.facebook.com/100001542313626/posts/3248590125202366/?d=n
 #KKU #‡∏°‡∏Ç #geebabygee",2020-07-01,102839,2636,124
2,DODI ‡∏î‡∏π‡∏î‡∏¥,7 ‡πÄ‡∏£‡∏∑‡πà‡∏≠‡∏á‡∏ú‡∏µ(‡πÇ‡∏Ñ‡∏£‡∏ï‡∏´‡∏•‡∏≠‡∏ô) ‡∏°.‡∏Ç‡∏≠‡∏ô‡πÅ‡∏Å‡πà‡∏ô | ‡πÄ‡∏•‡πà‡∏≤‡πÄ‡∏£‡∏∑‡πà‡∏≠‡∏á‡∏´‡∏•‡∏≠‡∏ô EP.2,"‡∏™‡∏°‡∏±‡∏Ñ‡∏™‡∏°‡∏≤‡∏ä‡∏¥‡∏Å https://www.youtube.com/c/dodid/join
‚ú®‡∏ä‡πà‡∏≠‡∏á‡∏ó‡∏≤‡∏á‡∏ï‡∏¥‡∏î‡∏ï‡πà‡∏≠‚ú®
Facebook : https://www.facebook.com/vrdodi/
Tiktok : @vrdodi
Email : contactme.dodi@gmail.com


‚ú®üéØ‡πÄ‡∏õ‡πâ‡∏≤‡∏´‡∏°‡∏≤‡∏¢‡∏ï‡πà‡∏≠‡πÑ‡∏õ‡∏ä‡πà‡∏≠‡∏á DODI ‡∏à‡∏∞‡∏°‡∏µ‡∏ú‡∏π‡πâ‡∏ï‡∏¥‡∏î‡∏ï‡∏≤‡∏° 1,000,000 ‡∏Ñ‡∏ô‡πÉ‡∏´‡πâ‡πÑ‡∏î‡πâ üéØ‚ú®
üíñ‡πÄ‡∏û‡∏∑‡πà‡∏≠‡∏ô‡πÜ‡∏ó‡∏∏‡∏Å‡∏Ñ‡∏ô‡∏™‡∏≤‡∏°‡∏≤‡∏£‡∏ñ‡∏ä‡πà‡∏ß‡∏¢‡∏ú‡∏°‡πÑ‡∏î‡πâ‡∏î‡πâ‡∏ß‡∏¢‡∏Å‡∏≤‡∏£üíñ
üåü ‡∏Å‡∏î Share
üåü ‡∏Å‡∏î Subscribe
üåü ‡∏Å‡∏î Like
ü•∞üéâ‡∏Å‡∏≤‡∏£‡∏Å‡∏î Share,Subscribe,Like ‡∏°‡∏±‡∏ô‡∏à‡∏∞‡πÑ‡∏°‡πà‡∏°‡∏µ‡∏Ñ‡πà‡∏≤‡∏≠‡∏∞‡πÑ‡∏£‡∏ñ‡πâ‡∏≤‡∏ó‡∏∏‡∏Å‡∏Ñ‡∏ô‡πÑ‡∏°‡πà‡∏¢‡∏≠‡∏°‡∏Å‡∏î ‡πÅ‡∏ï‡πà‡∏°‡∏±‡∏ô‡∏à‡∏∞‡∏°‡∏µ‡∏Ñ‡∏∏‡∏ì‡∏Ñ‡πà‡∏≤‡∏ï‡πà‡∏≠‡∏Ñ‡∏ß‡∏≤‡∏°‡∏£‡∏π‡πâ‡∏™‡∏∂‡∏Å‡∏Ç‡∏≠‡∏á Creators ‡πÅ‡∏•‡∏∞‡πÄ‡∏õ‡πá‡∏ô‡∏Å‡∏≥‡∏•‡∏±‡∏á‡πÉ‡∏à‡∏ó‡∏µ‡πà‡∏™‡∏≥‡∏Ñ‡∏±‡∏ç‡∏°‡∏≤‡∏Å‡πÜ ‡∏ñ‡πâ‡∏≤‡πÄ‡∏Ç‡∏≤‡πÑ‡∏î‡πâ‡∏£‡∏±‡∏ö‡∏°‡∏±‡∏ô‡∏à‡∏≤‡∏Å‡∏ó‡∏∏‡∏Å‡∏Ñ‡∏ô ‡∏Ç‡∏≠‡∏ö‡∏Ñ‡∏∏‡∏ì‡∏ô‡∏∞‡∏Ñ‡∏£‡∏±‡∏ö üéâü•∞
#‡πÄ‡∏•‡πà‡∏≤‡πÄ‡∏£‡∏∑‡πà‡∏≠‡∏á‡∏´‡∏•‡∏≠‡∏ô #‡πÄ‡∏£‡∏∑‡πà‡∏≠‡∏á‡∏ú‡∏µ #‡∏°.‡∏Ç‡∏≠‡∏ô‡πÅ‡∏Å‡πà‡∏ô #dodi #‡∏î‡∏π‡∏î‡∏¥",2020-08-18,698640,16172,806
