,post_id,text,post_text,shared_text,original_text,time,timestamp,image,image_lowquality,images,images_description,images_lowquality,images_lowquality_description,video,video_duration_seconds,video_height,video_id,video_quality,video_size_MB,video_thumbnail,video_watches,video_width,likes,comments,shares,post_url,link,links,user_id,username,user_url,is_live,factcheck,shared_post_id,shared_time,shared_user_id,shared_username,shared_post_url,available,comments_full,reactors,w3_fb_url,reactions,reaction_count,with,page_id,sharers,image_id,image_ids,was_live,header,fetched_time,like,love,wow,care,haha,sad,angry
0,387296996779762,"‡∏°‡∏≤‡πÅ‡∏•‡πâ‡∏ß‡∏ï‡∏≤‡∏°‡∏Ñ‡∏≥‡∏Ç‡∏≠
‡∏Ç‡πâ‡∏≠‡∏°‡∏π‡∏•‡∏ä‡πà‡∏ß‡∏¢‡∏ô‡πâ‡∏≠‡∏á‡πÜ #NETSAT ‡∏°‡∏Ç.
üö®#Dek66 ‡πÄ‡∏ï‡∏£‡∏µ‡∏¢‡∏°‡∏ï‡∏¥‡∏î #‡∏°‡∏Ç.ü•∞
üö®üö®üö®üö®üö®üö®üö®üö®üö®üö®
#KKU #DEK66 #‡∏°‡∏´‡∏≤‡∏ß‡∏¥‡∏ó‡∏¢‡∏≤‡∏•‡∏±‡∏¢‡∏Ç‡∏≠‡∏ô‡πÅ‡∏Å‡πà‡∏ô
#DEK66 #TCAS66","‡∏°‡∏≤‡πÅ‡∏•‡πâ‡∏ß‡∏ï‡∏≤‡∏°‡∏Ñ‡∏≥‡∏Ç‡∏≠
‡∏Ç‡πâ‡∏≠‡∏°‡∏π‡∏•‡∏ä‡πà‡∏ß‡∏¢‡∏ô‡πâ‡∏≠‡∏á‡πÜ #NETSAT ‡∏°‡∏Ç.
üö®#Dek66 ‡πÄ‡∏ï‡∏£‡∏µ‡∏¢‡∏°‡∏ï‡∏¥‡∏î #‡∏°‡∏Ç.ü•∞
üö®üö®üö®üö®üö®üö®üö®üö®üö®üö®
#KKU #DEK66 #‡∏°‡∏´‡∏≤‡∏ß‡∏¥‡∏ó‡∏¢‡∏≤‡∏•‡∏±‡∏¢‡∏Ç‡∏≠‡∏ô‡πÅ‡∏Å‡πà‡∏ô
#DEK66 #TCAS66",,,2022-05-31 18:36:36,1653996996.0,,https://scontent.fkkc3-1.fna.fbcdn.net/v/t39.30808-6/282622592_538341121160904_8936573213824170107_n.jpg?stp=cp0_dst-jpg_e15_q65_s320x320&_nc_cat=110&ccb=1-7&_nc_sid=5bac3a&efg=eyJpIjoidCJ9&_nc_ohc=uhUL5W4N5UwAX-SQfkt&tn=-B_DPogsAKeJprI3&_nc_ht=scontent.fkkc3-1.fna&oh=00_AT_FFqKYFYsBcuPhF1q1yGnFzwhn38-o54_5qwj25U3KUA&oe=631F980B,,,"['https://scontent.fkkc3-1.fna.fbcdn.net/v/t39.30808-6/282622592_538341121160904_8936573213824170107_n.jpg?stp=cp0_dst-jpg_e15_q65_s320x320&_nc_cat=110&ccb=1-7&_nc_sid=5bac3a&efg=eyJpIjoidCJ9&_nc_ohc=uhUL5W4N5UwAX-SQfkt&tn=-B_DPogsAKeJprI3&_nc_ht=scontent.fkkc3-1.fna&oh=00_AT_FFqKYFYsBcuPhF1q1yGnFzwhn38-o54_5qwj25U3KUA&oe=631F980B', 'https://scontent.fkkc3-1.fna.fbcdn.net/v/t39.30808-6/284694826_538341321160884_3477470932791288945_n.jpg?stp=cp0_dst-jpg_e15_q65_s133x133&_nc_cat=107&ccb=1-7&_nc_sid=5bac3a&efg=eyJpIjoidCJ9&_nc_ohc=LNhkI09zQb0AX_9SlqQ&_nc_ht=scontent.fkkc3-1.fna&oh=00_AT_Zo-8CUOSXQjt1B4rOrf4HjmFwZPxV0fThG_qfS7SZbg&oe=631F1F08', 'https://scontent.fkkc3-1.fna.fbcdn.net/v/t39.30808-6/281849488_538341354494214_6045566435826323280_n.jpg?stp=cp0_dst-jpg_e15_q65_s168x128&_nc_cat=111&ccb=1-7&_nc_sid=5bac3a&efg=eyJpIjoidCJ9&_nc_ohc=k_QY4dl3vUsAX_Vh_a9&_nc_oc=AQn2gaaEoODe6pcGyLTtuAhH2MlXbfybVbkcC5fx1XyEwP7vzkN8KPAvZlbHSz-uTQs&tn=-B_DPogsAKeJprI3&_nc_ht=scontent.fkkc3-1.fna&oh=00_AT-HLQOgUas7I2Yz67CzO9t7qxb0HRNlbzkBB1cyVRZ_7w&oe=631E9594', 'https://scontent.fkkc3-1.fna.fbcdn.net/v/t39.30808-6/282247016_538341387827544_1179548314563626387_n.jpg?stp=cp0_dst-jpg_e15_q65_s130x130&_nc_cat=107&ccb=1-7&_nc_sid=5bac3a&efg=eyJpIjoidCJ9&_nc_ohc=xuOyBvSZJ98AX_cVaee&_nc_ht=scontent.fkkc3-1.fna&oh=00_AT_Nvj9S18TJd8MptvoJxJX2w7vPke2Je2dgMVOYbq-Jug&oe=631F3B8C']","['No photo description available.', 'May be an image of 1 person', 'May be an image of 1 person', 'May be an image of 1 person and text']",,,,,,,,,,252,26,632,,,"[{'link': '/hashtag/netsat?refid=18&__tn__=%2As-R&paipv=0&eav=AfYxBUuYJ-dAdLjeBbxr6zfXSJ_G6UyAPDOG4_t0QCSuNuqugDeAUEDESL-Lj2sbpYA', 'text': '#NETSAT'}, {'link': '/hashtag/dek66?refid=18&__tn__=%2As-R&paipv=0&eav=Afa1KjzWwVMJyT86gVNN0ZYEc8QgbOJB822voN0hY5P5k34klMrmc0EimSLiApIcKgg', 'text': '#Dek66'}, {'link': '/hashtag/‡∏°‡∏Ç?refid=18&__tn__=%2As-R&paipv=0&eav=AfZtQ0lrLFeuL3yRc_oLlU3l6tswvQ0ShRu21t0RQp-LTJAAZP9s_TcEjJKxqX-yvh0', 'text': '#‡∏°‡∏Ç'}, {'link': '/hashtag/kku?refid=18&__tn__=%2As-R&paipv=0&eav=AfYZFdrqx6bSMJ_0k-k0mXfplcdenG5FHQZKcSCE_Budf5iBHRbZerRF6yfdxWe0N5I', 'text': '#KKU'}, {'link': '/hashtag/dek66?refid=18&__tn__=%2As-R&paipv=0&eav=AfZ1RY1ZrkN4cLIew-C-roVICVSOCQUAFRf7XZnkCO7Lj-DfQbx1s1UUWlLEWVtFbMQ', 'text': '#DEK66'}, {'link': '/hashtag/‡∏°‡∏´‡∏≤‡∏ß‡∏¥‡∏ó‡∏¢‡∏≤‡∏•‡∏±‡∏¢‡∏Ç‡∏≠‡∏ô‡πÅ‡∏Å‡πà‡∏ô?refid=18&__tn__=%2As-R&paipv=0&eav=AfZJS5D3OI4MW6OmjIXlKXNmwRmwVNUcZDFVmaHrl-cetNZz1tX-0VQsItQngT96Vfk', 'text': '#‡∏°‡∏´‡∏≤‡∏ß‡∏¥‡∏ó‡∏¢‡∏≤‡∏•‡∏±‡∏¢‡∏Ç‡∏≠‡∏ô‡πÅ‡∏Å‡πà‡∏ô'}, {'link': '/hashtag/dek66?refid=18&__tn__=%2As-R&paipv=0&eav=AfbjXQqmYGVjT4g2n2tFoVEkbZ5OqaJW8_gR-wXBfP_-z5WPfeelWtswL4Hji6Hlpw4', 'text': '#DEK66'}, {'link': '/hashtag/tcas66?refid=18&__tn__=%2As-R&paipv=0&eav=AfYnMeH4H2ohlsWZJXM-aGxyGH5BlV6Iq8btCQE2PZ9XieMSBnpHBUiebxCmigQ4WDs', 'text': '#TCAS66'}]",103108344684186,‡πÄ‡∏£‡∏µ‡∏¢‡∏ô‡∏ï‡πà‡∏≠‡∏≠‡∏µ‡∏™‡∏≤‡∏ô - ‡∏†‡∏≤‡∏£‡πÇ‡∏£‡∏á‡∏™‡πÄ‡∏ï‡∏ä‡∏±‡πà‡∏ô,https://facebook.com/ESENEDUCATION/?refid=18&__tn__=C-R&paipv=0&eav=AfaRKcUEiFP1y_50QiV8iM-04DdMPtIqpaC3j7t9XojFxLSLx9xiX5ZUJD_D1XtS1N0,False,,,,,,,True,<generator object PostExtractor.extract_comments_full at 0x000001E7CA86FB30>,[],,"{'like': 252, 'love': 19, 'wow': 3, 'care': 2}",276.0,"[{'name': 'TCAS66 ‡πÄ‡∏ï‡∏£‡∏µ‡∏¢‡∏°‡∏™‡∏≠‡∏ö‡πÄ‡∏Ç‡πâ‡∏≤‡∏°‡∏´‡∏≤‡∏ß‡∏¥‡∏ó‡∏¢‡∏≤‡∏•‡∏±‡∏¢‡∏Ç‡∏≠‡∏ô‡πÅ‡∏Å‡πà‡∏ô', 'link': 'https://m.facebook.com/groups/332678448908284/?refid=18&__tn__=C-R&paipv=0&eav=AfY8xdUq3GKwvaXQtAKcCo_PW9Rkhjq2qRJc1by36WZBMj-SMqug7PeyU0sJyGsT6qw'}]",103108344684186,,,[],False,‡πÄ‡∏£‡∏µ‡∏¢‡∏ô‡∏ï‡πà‡∏≠‡∏≠‡∏µ‡∏™‡∏≤‡∏ô - ‡∏†‡∏≤‡∏£‡πÇ‡∏£‡∏á‡∏™‡πÄ‡∏ï‡∏ä‡∏±‡πà‡∏ô‚ÄéTCAS66 ‡πÄ‡∏ï‡∏£‡∏µ‡∏¢‡∏°‡∏™‡∏≠‡∏ö‡πÄ‡∏Ç‡πâ‡∏≤‡∏°‡∏´‡∏≤‡∏ß‡∏¥‡∏ó‡∏¢‡∏≤‡∏•‡∏±‡∏¢‡∏Ç‡∏≠‡∏ô‡πÅ‡∏Å‡πà‡∏ô,2022-09-09 01:22:00.842760,252.0,19.0,3.0,2.0,,,
13,382548647254597,"#Dek66 ‡πÄ‡∏ï‡∏£‡∏µ‡∏¢‡∏°‡∏ï‡∏¥‡∏î #‡∏°‡∏Ç.ü•∞
#‡πÄ‡∏Ç‡πâ‡∏≤‡∏Å‡∏•‡∏∏‡πà‡∏° TCAS66 ‡πÄ‡∏ï‡∏£‡∏µ‡∏¢‡∏°‡∏™‡∏≠‡∏ö‡πÄ‡∏Ç‡πâ‡∏≤‡∏°‡∏´‡∏≤‡∏ß‡∏¥‡∏ó‡∏¢‡∏≤‡∏•‡∏±‡∏¢‡∏Ç‡∏≠‡∏ô‡πÅ‡∏Å‡πà‡∏ô ‡∏Å‡∏±‡∏ö ‡∏ó‡∏µ‡∏°‡∏á‡∏≤‡∏ô‡∏ó‡∏µ‡πà‡∏°‡∏µ‡∏õ‡∏£‡∏∞‡∏™‡∏ö‡∏Å‡∏≤‡∏£‡∏ì‡πå ‡∏™‡∏≤‡∏¢‡∏ï‡∏£‡∏á‡∏ä‡πà‡∏ß‡∏¢‡∏ô‡πâ‡∏≠‡∏á‡πÜ‡πÅ‡∏ô‡∏∞‡πÅ‡∏ô‡∏ß‡πÄ‡∏ï‡∏£‡∏µ‡∏¢‡∏°‡∏ï‡∏¥‡∏î ‡∏°‡∏Ç. ‡πÇ‡∏î‡∏¢‡πÄ‡∏â‡∏û‡∏≤‡∏∞
üëáüëáüëáüëáüëáüëá‡∏Å‡∏•‡∏∏‡πà‡∏°‡∏ï‡πâ‡∏ô‡∏â‡∏ö‡∏±‡∏ö
https://www.facebook.com/groups/332678448908284/?ref=share_group_link

#Port #‡∏°‡∏Ç. #KKU
üö®üö®üö®üö®üö®üö®üö®üö®üö®üö®
#KKU #DEK66 #‡∏°‡∏´‡∏≤‡∏ß‡∏¥‡∏ó‡∏¢‡∏≤‡∏•‡∏±‡∏¢‡∏Ç‡∏≠‡∏ô‡πÅ‡∏Å‡πà‡∏ô
#DEK66 #TCAS66","#Dek66 ‡πÄ‡∏ï‡∏£‡∏µ‡∏¢‡∏°‡∏ï‡∏¥‡∏î #‡∏°‡∏Ç.ü•∞
#‡πÄ‡∏Ç‡πâ‡∏≤‡∏Å‡∏•‡∏∏‡πà‡∏° TCAS66 ‡πÄ‡∏ï‡∏£‡∏µ‡∏¢‡∏°‡∏™‡∏≠‡∏ö‡πÄ‡∏Ç‡πâ‡∏≤‡∏°‡∏´‡∏≤‡∏ß‡∏¥‡∏ó‡∏¢‡∏≤‡∏•‡∏±‡∏¢‡∏Ç‡∏≠‡∏ô‡πÅ‡∏Å‡πà‡∏ô ‡∏Å‡∏±‡∏ö ‡∏ó‡∏µ‡∏°‡∏á‡∏≤‡∏ô‡∏ó‡∏µ‡πà‡∏°‡∏µ‡∏õ‡∏£‡∏∞‡∏™‡∏ö‡∏Å‡∏≤‡∏£‡∏ì‡πå ‡∏™‡∏≤‡∏¢‡∏ï‡∏£‡∏á‡∏ä‡πà‡∏ß‡∏¢‡∏ô‡πâ‡∏≠‡∏á‡πÜ‡πÅ‡∏ô‡∏∞‡πÅ‡∏ô‡∏ß‡πÄ‡∏ï‡∏£‡∏µ‡∏¢‡∏°‡∏ï‡∏¥‡∏î ‡∏°‡∏Ç. ‡πÇ‡∏î‡∏¢‡πÄ‡∏â‡∏û‡∏≤‡∏∞
üëáüëáüëáüëáüëáüëá‡∏Å‡∏•‡∏∏‡πà‡∏°‡∏ï‡πâ‡∏ô‡∏â‡∏ö‡∏±‡∏ö
https://www.facebook.com/groups/332678448908284/?ref=share_group_link

#Port #‡∏°‡∏Ç. #KKU
üö®üö®üö®üö®üö®üö®üö®üö®üö®üö®
#KKU #DEK66 #‡∏°‡∏´‡∏≤‡∏ß‡∏¥‡∏ó‡∏¢‡∏≤‡∏•‡∏±‡∏¢‡∏Ç‡∏≠‡∏ô‡πÅ‡∏Å‡πà‡∏ô
#DEK66 #TCAS66",,,2022-05-24 19:29:20,1653395360.0,,https://scontent.fkkc3-1.fna.fbcdn.net/v/t39.30808-6/283922323_533574724970877_186797787574619781_n.jpg?stp=cp0_dst-jpg_e15_q65_s320x320&_nc_cat=111&ccb=1-7&_nc_sid=5bac3a&efg=eyJpIjoidCJ9&_nc_ohc=U-t9avgpTTkAX8EYzuS&_nc_ht=scontent.fkkc3-1.fna&oh=00_AT_0yVjkwyg_wEDStH8XWOhdv6QU64GWR-pgXlUKGeJEcw&oe=631EBC39,,,"['https://scontent.fkkc3-1.fna.fbcdn.net/v/t39.30808-6/283922323_533574724970877_186797787574619781_n.jpg?stp=cp0_dst-jpg_e15_q65_s320x320&_nc_cat=111&ccb=1-7&_nc_sid=5bac3a&efg=eyJpIjoidCJ9&_nc_ohc=U-t9avgpTTkAX8EYzuS&_nc_ht=scontent.fkkc3-1.fna&oh=00_AT_0yVjkwyg_wEDStH8XWOhdv6QU64GWR-pgXlUKGeJEcw&oe=631EBC39', 'https://scontent.fkkc3-1.fna.fbcdn.net/v/t39.30808-6/283422501_533575874970762_1117244707600362585_n.jpg?stp=cp0_dst-jpg_e15_p110x80_q65&_nc_cat=106&ccb=1-7&_nc_sid=5bac3a&efg=eyJpIjoidCJ9&_nc_ohc=FbR4A8G1QdwAX8H6iwv&_nc_ht=scontent.fkkc3-1.fna&oh=00_AT-\\-\\i-Ry1J-aexWKHHTFNoKnHTOvLpKhj1VDCTQk2xjyfw&oe=631FCCD6', 'https://scontent.fkkc3-1.fna.fbcdn.net/v/t39.30808-6/283487945_533575901637426_5094446725227124743_n.jpg?stp=cp0_dst-jpg_e15_p110x80_q65&_nc_cat=110&ccb=1-7&_nc_sid=5bac3a&efg=eyJpIjoidCJ9&_nc_ohc=mzlR6p_HD6wAX8KyaQC&tn=-B_DPogsAKeJprI3&_nc_ht=scontent.fkkc3-1.fna&oh=00_AT8DQXCmUMLsvWyyg_nzZOYa4Eish2Sv1f_rwG_eAn4N6w&oe=631E871A', 'https://scontent.fkkc3-1.fna.fbcdn.net/v/t39.30808-6/283509038_533575981637418_1472218124998905224_n.jpg?stp=cp0_dst-jpg_e15_p110x80_q65&_nc_cat=106&ccb=1-7&_nc_sid=5bac3a&efg=eyJpIjoidCJ9&_nc_ohc=cU3_Iiic-REAX9BKSSv&tn=-B_DPogsAKeJprI3&_nc_ht=scontent.fkkc3-1.fna&oh=00_AT_kwGmuqHX9u2jd2U4dfvAYCO5XnO1H8ea1r9_Di4DqVA&oe=631E67D0']","['May be an image of 1 person and text', 'No photo description available.', 'May be an image of text', 'No photo description available.']",,,,,,,,,,557,19,1792,,,"[{'link': '/hashtag/dek66?refid=18&__tn__=%2As-R&paipv=0&eav=Afbz4DewjmeVPKtUxK3EscH7_VNq3M51-2PAz6y1dGgDhkL35fkKs8-ebMvL90AGxcM', 'text': '#Dek66'}, {'link': '/hashtag/‡∏°‡∏Ç?refid=18&__tn__=%2As-R&paipv=0&eav=AfZ-zaPhUcyM44VwNCYL3JTmq1oBZyu8BpdJHP8K_NBeyIBtQm8XSsryx2PYda02EMs', 'text': '#‡∏°‡∏Ç'}, {'link': '/hashtag/‡πÄ‡∏Ç‡πâ‡∏≤‡∏Å‡∏•‡∏∏‡πà‡∏°?refid=18&__tn__=%2As-R&paipv=0&eav=AfasgblQFdx-d6qPkb0OvxGxxktw3VXBC8PduCweT983Tu96lfxoFGWgAniMJYA04Q0', 'text': '#‡πÄ‡∏Ç‡πâ‡∏≤‡∏Å‡∏•‡∏∏‡πà‡∏°'}, {'link': 'https://m.facebook.com/groups/332678448908284/?refid=18&__tn__=%2As-R&paipv=0&eav=AfaijQCH950Zu8OsfI8pAoKAn8gsnND_tJuaVJufECBEiKwzts9MMDWtKozy82Y_bbU', 'text': 'https://www.facebook.com/groups/332678448908284/?ref=share_group_link'}, {'link': '/hashtag/port?refid=18&__tn__=%2As-R&paipv=0&eav=AfYOEsuLh8q1_GbG3aur8OHJlKKVrPZVtnkceCAAQk8N7IpM-jLiITris_3Ci9vKD7M', 'text': '#Port'}, {'link': '/hashtag/‡∏°‡∏Ç?refid=18&__tn__=%2As-R&paipv=0&eav=Afa3cLtXCcgw0r-KNnLJsPqQMysgc-qFdrX0iZmvks5YqIWQEKh0GLKnuZcfucVcODQ', 'text': '#‡∏°‡∏Ç'}, {'link': '/hashtag/kku?refid=18&__tn__=%2As-R&paipv=0&eav=AfaNPBqSIXfBR9IdAEpFFkuVzgOW5WZSyK5KGNVkIJ_lDPqDqpqOZXHA4ot8h9MFRso', 'text': '#KKU'}, {'link': '/hashtag/kku?refid=18&__tn__=%2As-R&paipv=0&eav=AfbKhyhJKVt3VZwhuWrb8ewHuilEqytI_gQlF1uexGgiKldarvIBtEOfG4SBrJA4Fds', 'text': '#KKU'}, {'link': '/hashtag/dek66?refid=18&__tn__=%2As-R&paipv=0&eav=AfZiTY_cNhzhxVaxycPyObL8Ef5g1SpBAfmS3uXJpAmnXOu9_gHqdWEO7Gqlu1PftQo', 'text': '#DEK66'}, {'link': '/hashtag/‡∏°‡∏´‡∏≤‡∏ß‡∏¥‡∏ó‡∏¢‡∏≤‡∏•‡∏±‡∏¢‡∏Ç‡∏≠‡∏ô‡πÅ‡∏Å‡πà‡∏ô?refid=18&__tn__=%2As-R&paipv=0&eav=AfZKZ0znZX4xf66SQhkGSIlG7Nsfh2XDiCj-xc6T27aoXDr7_xBRMv39hRb1CRjkcss', 'text': '#‡∏°‡∏´‡∏≤‡∏ß‡∏¥‡∏ó‡∏¢‡∏≤‡∏•‡∏±‡∏¢‡∏Ç‡∏≠‡∏ô‡πÅ‡∏Å‡πà‡∏ô'}, {'link': '/hashtag/dek66?refid=18&__tn__=%2As-R&paipv=0&eav=AfZRPuEKKjgdvQctgfUOvwHA01hUNUka7ZGkXDcIuwFs87OWDg904626-ueSoJaMNxY', 'text': '#DEK66'}, {'link': '/hashtag/tcas66?refid=18&__tn__=%2As-R&paipv=0&eav=AfazdZ4OiwspN-gUKD4w8qqlIdnKHG0GXuLsJV8EHJtP50S3tGPEZoMP-\\-\\EJEvklEXE', 'text': '#TCAS66'}]",103108344684186,‡πÄ‡∏£‡∏µ‡∏¢‡∏ô‡∏ï‡πà‡∏≠‡∏≠‡∏µ‡∏™‡∏≤‡∏ô - ‡∏†‡∏≤‡∏£‡πÇ‡∏£‡∏á‡∏™‡πÄ‡∏ï‡∏ä‡∏±‡πà‡∏ô,https://facebook.com/ESENEDUCATION/?refid=18&__tn__=C-R&paipv=0&eav=AfZVB0RiiWXUGpArZ5byKa-NV9fGEfrxXDk2X6-13lGMjwb2n5wlFc8jDmyxuDUtwoE,False,,,,,,,True,<generator object PostExtractor.extract_comments_full at 0x000001E7CE9DB350>,[],,"{'like': 557, 'love': 60, 'wow': 3, 'care': 1}",621.0,"[{'name': 'TCAS66 ‡πÄ‡∏ï‡∏£‡∏µ‡∏¢‡∏°‡∏™‡∏≠‡∏ö‡πÄ‡∏Ç‡πâ‡∏≤‡∏°‡∏´‡∏≤‡∏ß‡∏¥‡∏ó‡∏¢‡∏≤‡∏•‡∏±‡∏¢‡∏Ç‡∏≠‡∏ô‡πÅ‡∏Å‡πà‡∏ô', 'link': 'https://m.facebook.com/groups/332678448908284/?refid=18&__tn__=C-R&paipv=0&eav=AfbAmppLp_cir1vfsjC2C_74FDYaPzLx3faIYbQPr-_7AHRM8IFXHxJm4xZuw9IfCEA'}]",103108344684186,,,[],False,‡πÄ‡∏£‡∏µ‡∏¢‡∏ô‡∏ï‡πà‡∏≠‡∏≠‡∏µ‡∏™‡∏≤‡∏ô - ‡∏†‡∏≤‡∏£‡πÇ‡∏£‡∏á‡∏™‡πÄ‡∏ï‡∏ä‡∏±‡πà‡∏ô‚ÄéTCAS66 ‡πÄ‡∏ï‡∏£‡∏µ‡∏¢‡∏°‡∏™‡∏≠‡∏ö‡πÄ‡∏Ç‡πâ‡∏≤‡∏°‡∏´‡∏≤‡∏ß‡∏¥‡∏ó‡∏¢‡∏≤‡∏•‡∏±‡∏¢‡∏Ç‡∏≠‡∏ô‡πÅ‡∏Å‡πà‡∏ô,2022-09-09 01:22:30.818743,93.0,41.0,,,,,
18,1784660045061761,"#Adobe #KKU #Adobe
#24Apps Adobe free for KKU
‡∏Ñ‡∏£‡∏ö‡∏£‡∏≠‡∏ö‡∏ï‡πà‡∏≠‡∏™‡∏±‡∏ç‡∏ç‡∏≤ Adobe Creative Cloud All Apps ‡∏™‡∏≥‡∏´‡∏£‡∏±‡∏ö‡∏°‡∏´‡∏≤‡∏ß‡∏¥‡∏ó‡∏¢‡∏≤‡∏•‡∏±‡∏¢‡∏Ç‡∏≠‡∏ô‡πÅ‡∏Å‡πà‡∏ô ‡∏ó‡∏≤‡∏á‡∏ö‡∏£‡∏¥‡∏©‡∏±‡∏ó‡∏≠‡∏±‡∏û‡πÄ‡∏î‡∏ï‡∏£‡∏≤‡∏¢‡∏ä‡∏∑‡πà‡∏≠‡∏ã‡∏≠‡∏ü‡∏ï‡πå‡πÅ‡∏ß‡∏£‡πå‡∏ó‡∏µ‡πà‡πÉ‡∏ä‡πâ‡∏á‡∏≤‡∏ô‡πÑ‡∏î‡πâ‡∏°‡∏µ‡∏î‡πâ‡∏ß‡∏¢‡∏Å‡∏±‡∏ô 24 ‡πÇ‡∏õ‡∏£‡πÅ‡∏Å‡∏£‡∏°
‡πÇ‡∏õ‡∏£‡πÅ‡∏Å‡∏£‡∏° 16-24 ‡πÄ‡∏õ‡πá‡∏ô mobile App (Playstore/AppStore) ‡∏ö‡∏≤‡∏á‡∏ï‡∏±‡∏ß‡πÄ‡∏õ‡πá‡∏ô‡∏ó‡∏±‡πâ‡∏á mobile App ‡πÅ‡∏•‡∏∞‡∏ï‡∏¥‡∏î‡∏ï‡∏±‡πâ‡∏á‡πÉ‡∏ä‡πâ‡∏á‡∏≤‡∏ô‡∏ö‡∏ô‡πÄ‡∏Ñ‡∏£‡∏∑‡πà‡∏≠‡∏á Desktop ‡πÑ‡∏î‡πâ‡∏ó‡∏µ‡πà‡∏™‡∏≥‡∏Ñ‡∏±‡∏ç‡πÑ‡∏°‡πà‡∏ï‡πâ‡∏≠‡∏á‡∏¢‡∏∑‡∏° ‡∏°‡∏µ‡∏≠‡∏µ‡πÄ‡∏°‡∏•‡πå‡∏°‡∏Ç.‡∏Å‡πá‡πÄ‡∏Ç‡πâ‡∏≤‡πÉ‡∏ä‡πâ‡∏á‡∏≤‡∏ô‡πÑ‡∏î‡πâ
‡∏™‡∏¥‡πà‡∏á‡∏™‡∏≥‡∏Ñ‡∏±‡∏ç‡∏Ñ‡∏∑‡∏≠ ‡∏ñ‡πâ‡∏≤‡πÄ‡∏õ‡πá‡∏ô Desktop App ‡∏ï‡πâ‡∏≠‡∏á‡∏¢‡∏∑‡∏°‡∏Å‡πà‡∏≠‡∏ô‡πÉ‡∏ä‡πâ‡∏á‡∏≤‡∏ô‡∏î‡∏π‡∏Ç‡πâ‡∏≠‡∏°‡∏π‡∏•‡πÑ‡∏î‡πâ‡∏ó‡∏µ‡πà‡∏õ‡∏±‡∏Å‡∏´‡∏°‡∏∏‡∏î ‡∏™‡πà‡∏ß‡∏ô‡∏ñ‡πâ‡∏≤‡πÄ‡∏õ‡πá‡∏ô mobile apps ‡πÉ‡∏ä‡πâ‡∏≠‡∏µ‡πÄ‡∏°‡∏•‡πå ‡∏°‡∏Ç. ‡πÑ‡∏î‡πâ‡∏ó‡∏±‡πâ‡∏á @kku.ac.th ‡πÅ‡∏•‡∏∞ @kkumail.com ‡πÄ‡∏ó‡πà‡∏≤‡∏ô‡∏±‡πâ‡∏ô
‡∏°‡∏µ‡πÇ‡∏õ‡∏£‡πÅ‡∏Å‡∏£‡∏°‡πÄ‡∏Å‡πà‡∏á ‡πÜ ‡πÅ‡∏ô‡∏∞‡∏ô‡∏≥‡∏î‡∏π‡∏Ç‡πâ‡∏≠‡πÇ‡∏õ‡∏£‡πÅ‡∏Å‡∏£‡∏°‡∏ó‡∏µ‡πà 17 ‡πÅ‡∏•‡∏∞ 24 ‡πÑ‡∏î‡πâ‡∏Ñ‡∏£‡∏±‡∏ö

#‡∏£‡∏≤‡∏¢‡∏ä‡∏∑‡πà‡∏≠‡πÇ‡∏õ‡∏£‡πÅ‡∏Å‡∏£‡∏°‡∏î‡∏±‡∏á‡∏ô‡∏µ‡πâ‡∏Ñ‡∏£‡∏±‡∏ö

Adobe Creative Cloud All Apps
1. Adobe Photoshop
2. Adobe Illustrator
3. Adobe InDesign
4. Adobe Bridge
5. Adobe InCopy
6. Adobe Acrobat Pro
7. Adobe Lightroom
8. Adobe Dreamweaver
9. Adobe Animate
10. Adobe Muse
11. Adobe Premiere Pro
12. Adobe After Effects
13. Adobe Audition
14. Adobe Prelude
15. Adobe Media Encoder
- - - - 16-24 ‡πÑ‡∏°‡πà‡∏ï‡πâ‡∏≠‡∏á‡∏¢‡∏∑‡∏° ‡πÅ‡∏Ñ‡πà‡∏°‡∏µ‡∏≠‡∏µ‡πÄ‡∏°‡∏•‡πå ‡∏°‡∏Ç. ‡∏Å‡πá‡πÉ‡∏ä‡πâ‡∏á‡∏≤‡∏ô‡πÑ‡∏î‡πâ - - - - - -
16. Adobe Premiere Rush
17. Adobe Capture - ‡∏ô‡πà‡∏≤‡∏™‡∏ô‡πÉ‡∏à‡πÅ‡∏õ‡∏•‡∏á‡∏£‡∏π‡∏õ‡∏ñ‡πà‡∏≤‡∏¢‡πÄ‡∏õ‡πá‡∏ô‡πÑ‡∏ü‡∏•‡πå‡πÄ‡∏ß‡∏Å‡πÄ‡∏ï‡∏≠‡∏£‡πå ‡πÉ‡∏ä‡πâ‡πÄ‡∏õ‡πá‡∏ô asset ‡∏ô‡∏≥‡πÑ‡∏õ‡πÉ‡∏ä‡πâ‡πÉ‡∏ô‡πÇ‡∏õ‡∏£‡πÅ‡∏Å‡∏£‡∏°‡∏≠‡∏∑‡πà‡∏ô‡πÜ‡πÑ‡∏î‡πâ
18. Adobe Fresco (Adobe Illustrator Draw )
19. Adobe Photoshop Sketch
20. Adobe Comp
21. Adobe Lightroom Mobile (‡∏≠‡∏±‡∏û‡πÄ‡∏î‡∏ï-‡∏ï‡∏±‡∏ß‡∏ô‡∏µ‡πâ‡∏ï‡πâ‡∏≠‡∏á‡∏¢‡∏∑‡∏°‡πÅ‡∏•‡πâ‡∏ß)
22. Adobe Photoshop Mix
23. Adobe Photoshop Express
24. Adobe Creative Cloud Express (Spark) - ‡∏°‡∏µ‡∏Ñ‡∏ß‡∏≤‡∏°‡∏Ñ‡∏•‡πâ‡∏≤‡∏¢/‡πÄ‡∏´‡∏°‡∏∑‡∏≠‡∏ô‡πÇ‡∏õ‡∏£‡πÅ‡∏Å‡∏£‡∏° Canva ‡πÄ‡∏Å‡πà‡∏á‡∏Å‡∏ß‡πà‡∏≤ Canva ‡πÅ‡∏ï‡πà‡πÅ‡∏•‡∏Å‡∏î‡πâ‡∏ß‡∏¢‡∏Ñ‡∏ß‡∏≤‡∏°‡∏ä‡πâ‡∏≤‡∏ó‡∏µ‡πà AI ‡∏ä‡πà‡∏ß‡∏¢‡∏õ‡∏£‡∏∞‡∏°‡∏ß‡∏•‡∏ú‡∏•
#‡∏õ‡∏•.
‡∏õ‡∏±‡∏ç‡∏´‡∏≤‡πÄ‡∏Ñ‡∏¢‡∏ñ‡∏≤‡∏°‡πÄ‡∏Ç‡πâ‡∏≤‡∏°‡∏≤ ‡∏ó‡∏µ‡πà‡∏à‡∏∞‡πÉ‡∏ä‡πâ Adobe font ‡∏´‡∏£‡∏∑‡∏≠ Adobe Photo Stocks ‡∏´‡∏£‡∏∑‡∏≠ Adobe Apps ‡∏ö‡∏≤‡∏á‡∏ï‡∏±‡∏ß‡∏ñ‡πâ‡∏≤‡πÑ‡∏°‡πà‡∏≠‡∏¢‡∏π‡πà‡πÉ‡∏ô‡∏£‡∏≤‡∏¢‡∏Å‡∏≤‡∏£‡∏Ç‡πâ‡∏≤‡∏á‡∏ö‡∏ô ‡πÄ‡∏õ‡πá‡∏ô‡∏™‡πà‡∏ß‡∏ô‡∏ó‡∏µ‡πà‡∏ï‡πâ‡∏≠‡∏á‡∏ã‡∏∑‡πâ‡∏≠‡πÉ‡∏ä‡πâ‡πÄ‡∏û‡∏¥‡πà‡∏°‡πÄ‡∏ï‡∏¥‡∏°‡πÄ‡∏≠‡∏á
‡∏™‡πà‡∏ß‡∏ô‡∏Å‡∏≤‡∏£‡∏¢‡∏∑‡∏°App‡∏Å‡πà‡∏≠‡∏ô‡πÉ‡∏ä‡πâ‡πÄ‡∏õ‡πá‡∏ô‡∏ô‡πÇ‡∏¢‡∏ö‡∏≤‡∏¢ ‡∏à‡∏±‡∏î‡∏Å‡∏≤‡∏£‡πÇ‡∏î‡∏¢‡πÇ‡∏õ‡∏£‡πÅ‡∏Å‡∏£‡∏°‡πÅ‡∏•‡∏∞‡πÄ‡∏û‡∏∑‡πà‡∏≠‡πÉ‡∏´‡πâ‡∏ó‡∏∏‡∏Å‡∏Ñ‡∏ô‡πÄ‡∏ß‡∏µ‡∏¢‡∏ô‡πÉ‡∏ä‡πâ‡∏á‡∏≤‡∏ô‡πÑ‡∏î‡πâ ‡πÅ‡∏•‡∏∞‡πÉ‡∏ä‡πâ‡πÇ‡∏õ‡∏£‡πÅ‡∏Å‡∏£‡∏°‡πÑ‡∏î‡πâ‡∏≠‡∏¢‡πà‡∏≤‡∏á‡∏°‡∏µ‡∏õ‡∏£‡∏∞‡∏™‡∏¥‡∏ó‡∏ò‡∏¥‡∏†‡∏≤‡∏û‡∏™‡∏π‡∏á‡∏™‡∏∏‡∏î ‡πÄ‡∏ó‡πà‡∏≤‡∏ó‡∏µ‡πà monitor ‡∏î‡∏π‡∏Å‡∏≤‡∏£‡πÉ‡∏ä‡πâ‡∏á‡∏≤‡∏ô‡πÑ‡∏°‡πà‡πÑ‡∏î‡πâ‡πÄ‡∏ï‡πá‡∏°‡∏ó‡∏∏‡∏Å‡∏ä‡πà‡∏ß‡∏á‡πÄ‡∏ß‡∏•‡∏≤ ‡∏°‡∏µ‡∏™‡∏•‡πá‡∏≠‡∏ï‡∏ó‡∏µ‡πà‡∏ß‡πà‡∏≤‡∏á‡πÉ‡∏ä‡πâ‡∏á‡∏≤‡∏ô‡πÑ‡∏î‡πâ ‡∏ä‡πà‡∏ß‡∏á‡∏û‡∏µ‡∏Ñ‡∏Å‡∏≤‡∏£‡∏¢‡∏∑‡∏°‡∏≠‡∏≤‡∏à‡∏à‡∏∞‡πÉ‡∏ä‡πâ‡πÄ‡∏ß‡∏•‡∏≤‡∏£‡∏≠‡∏ö‡πâ‡∏≤‡∏á‡πÅ‡∏ï‡πà‡πÑ‡∏°‡πà‡∏ô‡∏≤‡∏ô

‡∏õ‡∏•2.
infographic ‡∏ô‡∏µ‡πâ‡∏•‡∏≠‡∏á‡∏™‡∏£‡πâ‡∏≤‡∏á‡πÉ‡∏ô‡πÇ‡∏õ‡∏£‡πÅ‡∏Å‡∏£‡∏° Adobe Creative Cloud Express (Spark) ‡πÄ‡∏Å‡πà‡∏á‡∏î‡∏µ‡∏°‡∏µ AI ‡πÅ‡∏ï‡πà‡∏ä‡πâ‡∏≤‡∏´‡∏ô‡πà‡∏≠‡∏¢ ‡∏ñ‡πâ‡∏≤‡∏£‡∏µ‡∏ö ‡πÜ ‡πÅ‡∏ô‡∏∞‡∏ô‡∏≥‡πÉ‡∏ä‡πâ Canva ‡πÄ‡∏ö‡∏≤‡∏£‡∏ß‡∏î‡πÄ‡∏£‡πá‡∏ß‡∏Ñ‡∏£‡∏±‡∏ö

‡∏õ‡∏•. 3
‡∏ï‡∏±‡∏ß‡πÑ‡∏´‡∏ô‡∏ó‡∏µ‡πà‡πÉ‡∏ä‡πâ‡∏á‡∏≤‡∏ô‡πÑ‡∏°‡πà‡πÑ‡∏î‡πâ ‡∏Ç‡∏∂‡πâ‡∏ô‡πÅ‡∏à‡πâ‡∏á‡πÉ‡∏´‡πâ‡∏ï‡∏¥‡∏î‡∏ï‡πà‡∏≠ ""IT Administrator"" ‡πÅ‡∏™‡∏î‡∏á‡∏ß‡πà‡∏≤ Adobe ‡∏õ‡∏£‡∏±‡∏ö‡πÄ‡∏õ‡∏•‡∏µ‡πà‡∏¢‡∏ô‡∏™‡∏¥‡∏ó‡∏ò‡∏¥‡πå‡πÉ‡∏´‡∏°‡πà ‡∏î‡∏±‡∏á‡∏ô‡∏±‡πâ‡∏ô‡∏ï‡πâ‡∏≠‡∏á‡∏¢‡∏∑‡∏°license KKU (School or Work Account) ‡∏´‡∏£‡∏∑‡∏≠ ‡∏ã‡∏∑‡πâ‡∏≠‡πÉ‡∏ä‡πâ‡∏™‡πà‡∏ß‡∏ô‡∏ï‡∏±‡∏ß‡πÄ‡∏≠‡∏á (Personal Account) ‡∏à‡∏∂‡∏á‡∏à‡∏∞‡πÉ‡∏ä‡πâ‡∏á‡∏≤‡∏ô‡πÑ‡∏î‡πâ","#Adobe #KKU #Adobe
#24Apps Adobe free for KKU
‡∏Ñ‡∏£‡∏ö‡∏£‡∏≠‡∏ö‡∏ï‡πà‡∏≠‡∏™‡∏±‡∏ç‡∏ç‡∏≤ Adobe Creative Cloud All Apps ‡∏™‡∏≥‡∏´‡∏£‡∏±‡∏ö‡∏°‡∏´‡∏≤‡∏ß‡∏¥‡∏ó‡∏¢‡∏≤‡∏•‡∏±‡∏¢‡∏Ç‡∏≠‡∏ô‡πÅ‡∏Å‡πà‡∏ô ‡∏ó‡∏≤‡∏á‡∏ö‡∏£‡∏¥‡∏©‡∏±‡∏ó‡∏≠‡∏±‡∏û‡πÄ‡∏î‡∏ï‡∏£‡∏≤‡∏¢‡∏ä‡∏∑‡πà‡∏≠‡∏ã‡∏≠‡∏ü‡∏ï‡πå‡πÅ‡∏ß‡∏£‡πå‡∏ó‡∏µ‡πà‡πÉ‡∏ä‡πâ‡∏á‡∏≤‡∏ô‡πÑ‡∏î‡πâ‡∏°‡∏µ‡∏î‡πâ‡∏ß‡∏¢‡∏Å‡∏±‡∏ô 24 ‡πÇ‡∏õ‡∏£‡πÅ‡∏Å‡∏£‡∏°
‡πÇ‡∏õ‡∏£‡πÅ‡∏Å‡∏£‡∏° 16-24 ‡πÄ‡∏õ‡πá‡∏ô mobile App (Playstore/AppStore) ‡∏ö‡∏≤‡∏á‡∏ï‡∏±‡∏ß‡πÄ‡∏õ‡πá‡∏ô‡∏ó‡∏±‡πâ‡∏á mobile App ‡πÅ‡∏•‡∏∞‡∏ï‡∏¥‡∏î‡∏ï‡∏±‡πâ‡∏á‡πÉ‡∏ä‡πâ‡∏á‡∏≤‡∏ô‡∏ö‡∏ô‡πÄ‡∏Ñ‡∏£‡∏∑‡πà‡∏≠‡∏á Desktop ‡πÑ‡∏î‡πâ‡∏ó‡∏µ‡πà‡∏™‡∏≥‡∏Ñ‡∏±‡∏ç‡πÑ‡∏°‡πà‡∏ï‡πâ‡∏≠‡∏á‡∏¢‡∏∑‡∏° ‡∏°‡∏µ‡∏≠‡∏µ‡πÄ‡∏°‡∏•‡πå‡∏°‡∏Ç.‡∏Å‡πá‡πÄ‡∏Ç‡πâ‡∏≤‡πÉ‡∏ä‡πâ‡∏á‡∏≤‡∏ô‡πÑ‡∏î‡πâ
‡∏™‡∏¥‡πà‡∏á‡∏™‡∏≥‡∏Ñ‡∏±‡∏ç‡∏Ñ‡∏∑‡∏≠ ‡∏ñ‡πâ‡∏≤‡πÄ‡∏õ‡πá‡∏ô Desktop App ‡∏ï‡πâ‡∏≠‡∏á‡∏¢‡∏∑‡∏°‡∏Å‡πà‡∏≠‡∏ô‡πÉ‡∏ä‡πâ‡∏á‡∏≤‡∏ô‡∏î‡∏π‡∏Ç‡πâ‡∏≠‡∏°‡∏π‡∏•‡πÑ‡∏î‡πâ‡∏ó‡∏µ‡πà‡∏õ‡∏±‡∏Å‡∏´‡∏°‡∏∏‡∏î ‡∏™‡πà‡∏ß‡∏ô‡∏ñ‡πâ‡∏≤‡πÄ‡∏õ‡πá‡∏ô mobile apps ‡πÉ‡∏ä‡πâ‡∏≠‡∏µ‡πÄ‡∏°‡∏•‡πå ‡∏°‡∏Ç. ‡πÑ‡∏î‡πâ‡∏ó‡∏±‡πâ‡∏á @kku.ac.th ‡πÅ‡∏•‡∏∞ @kkumail.com ‡πÄ‡∏ó‡πà‡∏≤‡∏ô‡∏±‡πâ‡∏ô
‡∏°‡∏µ‡πÇ‡∏õ‡∏£‡πÅ‡∏Å‡∏£‡∏°‡πÄ‡∏Å‡πà‡∏á ‡πÜ ‡πÅ‡∏ô‡∏∞‡∏ô‡∏≥‡∏î‡∏π‡∏Ç‡πâ‡∏≠‡πÇ‡∏õ‡∏£‡πÅ‡∏Å‡∏£‡∏°‡∏ó‡∏µ‡πà 17 ‡πÅ‡∏•‡∏∞ 24 ‡πÑ‡∏î‡πâ‡∏Ñ‡∏£‡∏±‡∏ö

#‡∏£‡∏≤‡∏¢‡∏ä‡∏∑‡πà‡∏≠‡πÇ‡∏õ‡∏£‡πÅ‡∏Å‡∏£‡∏°‡∏î‡∏±‡∏á‡∏ô‡∏µ‡πâ‡∏Ñ‡∏£‡∏±‡∏ö

Adobe Creative Cloud All Apps
1. Adobe Photoshop
2. Adobe Illustrator
3. Adobe InDesign
4. Adobe Bridge
5. Adobe InCopy
6. Adobe Acrobat Pro
7. Adobe Lightroom
8. Adobe Dreamweaver
9. Adobe Animate
10. Adobe Muse
11. Adobe Premiere Pro
12. Adobe After Effects
13. Adobe Audition
14. Adobe Prelude
15. Adobe Media Encoder
- - - - 16-24 ‡πÑ‡∏°‡πà‡∏ï‡πâ‡∏≠‡∏á‡∏¢‡∏∑‡∏° ‡πÅ‡∏Ñ‡πà‡∏°‡∏µ‡∏≠‡∏µ‡πÄ‡∏°‡∏•‡πå ‡∏°‡∏Ç. ‡∏Å‡πá‡πÉ‡∏ä‡πâ‡∏á‡∏≤‡∏ô‡πÑ‡∏î‡πâ - - - - - -
16. Adobe Premiere Rush
17. Adobe Capture - ‡∏ô‡πà‡∏≤‡∏™‡∏ô‡πÉ‡∏à‡πÅ‡∏õ‡∏•‡∏á‡∏£‡∏π‡∏õ‡∏ñ‡πà‡∏≤‡∏¢‡πÄ‡∏õ‡πá‡∏ô‡πÑ‡∏ü‡∏•‡πå‡πÄ‡∏ß‡∏Å‡πÄ‡∏ï‡∏≠‡∏£‡πå ‡πÉ‡∏ä‡πâ‡πÄ‡∏õ‡πá‡∏ô asset ‡∏ô‡∏≥‡πÑ‡∏õ‡πÉ‡∏ä‡πâ‡πÉ‡∏ô‡πÇ‡∏õ‡∏£‡πÅ‡∏Å‡∏£‡∏°‡∏≠‡∏∑‡πà‡∏ô‡πÜ‡πÑ‡∏î‡πâ
18. Adobe Fresco (Adobe Illustrator Draw )
19. Adobe Photoshop Sketch
20. Adobe Comp
21. Adobe Lightroom Mobile (‡∏≠‡∏±‡∏û‡πÄ‡∏î‡∏ï-‡∏ï‡∏±‡∏ß‡∏ô‡∏µ‡πâ‡∏ï‡πâ‡∏≠‡∏á‡∏¢‡∏∑‡∏°‡πÅ‡∏•‡πâ‡∏ß)
22. Adobe Photoshop Mix
23. Adobe Photoshop Express
24. Adobe Creative Cloud Express (Spark) - ‡∏°‡∏µ‡∏Ñ‡∏ß‡∏≤‡∏°‡∏Ñ‡∏•‡πâ‡∏≤‡∏¢/‡πÄ‡∏´‡∏°‡∏∑‡∏≠‡∏ô‡πÇ‡∏õ‡∏£‡πÅ‡∏Å‡∏£‡∏° Canva ‡πÄ‡∏Å‡πà‡∏á‡∏Å‡∏ß‡πà‡∏≤ Canva ‡πÅ‡∏ï‡πà‡πÅ‡∏•‡∏Å‡∏î‡πâ‡∏ß‡∏¢‡∏Ñ‡∏ß‡∏≤‡∏°‡∏ä‡πâ‡∏≤‡∏ó‡∏µ‡πà AI ‡∏ä‡πà‡∏ß‡∏¢‡∏õ‡∏£‡∏∞‡∏°‡∏ß‡∏•‡∏ú‡∏•
#‡∏õ‡∏•.
‡∏õ‡∏±‡∏ç‡∏´‡∏≤‡πÄ‡∏Ñ‡∏¢‡∏ñ‡∏≤‡∏°‡πÄ‡∏Ç‡πâ‡∏≤‡∏°‡∏≤ ‡∏ó‡∏µ‡πà‡∏à‡∏∞‡πÉ‡∏ä‡πâ Adobe font ‡∏´‡∏£‡∏∑‡∏≠ Adobe Photo Stocks ‡∏´‡∏£‡∏∑‡∏≠ Adobe Apps ‡∏ö‡∏≤‡∏á‡∏ï‡∏±‡∏ß‡∏ñ‡πâ‡∏≤‡πÑ‡∏°‡πà‡∏≠‡∏¢‡∏π‡πà‡πÉ‡∏ô‡∏£‡∏≤‡∏¢‡∏Å‡∏≤‡∏£‡∏Ç‡πâ‡∏≤‡∏á‡∏ö‡∏ô ‡πÄ‡∏õ‡πá‡∏ô‡∏™‡πà‡∏ß‡∏ô‡∏ó‡∏µ‡πà‡∏ï‡πâ‡∏≠‡∏á‡∏ã‡∏∑‡πâ‡∏≠‡πÉ‡∏ä‡πâ‡πÄ‡∏û‡∏¥‡πà‡∏°‡πÄ‡∏ï‡∏¥‡∏°‡πÄ‡∏≠‡∏á
‡∏™‡πà‡∏ß‡∏ô‡∏Å‡∏≤‡∏£‡∏¢‡∏∑‡∏°App‡∏Å‡πà‡∏≠‡∏ô‡πÉ‡∏ä‡πâ‡πÄ‡∏õ‡πá‡∏ô‡∏ô‡πÇ‡∏¢‡∏ö‡∏≤‡∏¢ ‡∏à‡∏±‡∏î‡∏Å‡∏≤‡∏£‡πÇ‡∏î‡∏¢‡πÇ‡∏õ‡∏£‡πÅ‡∏Å‡∏£‡∏°‡πÅ‡∏•‡∏∞‡πÄ‡∏û‡∏∑‡πà‡∏≠‡πÉ‡∏´‡πâ‡∏ó‡∏∏‡∏Å‡∏Ñ‡∏ô‡πÄ‡∏ß‡∏µ‡∏¢‡∏ô‡πÉ‡∏ä‡πâ‡∏á‡∏≤‡∏ô‡πÑ‡∏î‡πâ ‡πÅ‡∏•‡∏∞‡πÉ‡∏ä‡πâ‡πÇ‡∏õ‡∏£‡πÅ‡∏Å‡∏£‡∏°‡πÑ‡∏î‡πâ‡∏≠‡∏¢‡πà‡∏≤‡∏á‡∏°‡∏µ‡∏õ‡∏£‡∏∞‡∏™‡∏¥‡∏ó‡∏ò‡∏¥‡∏†‡∏≤‡∏û‡∏™‡∏π‡∏á‡∏™‡∏∏‡∏î ‡πÄ‡∏ó‡πà‡∏≤‡∏ó‡∏µ‡πà monitor ‡∏î‡∏π‡∏Å‡∏≤‡∏£‡πÉ‡∏ä‡πâ‡∏á‡∏≤‡∏ô‡πÑ‡∏°‡πà‡πÑ‡∏î‡πâ‡πÄ‡∏ï‡πá‡∏°‡∏ó‡∏∏‡∏Å‡∏ä‡πà‡∏ß‡∏á‡πÄ‡∏ß‡∏•‡∏≤ ‡∏°‡∏µ‡∏™‡∏•‡πá‡∏≠‡∏ï‡∏ó‡∏µ‡πà‡∏ß‡πà‡∏≤‡∏á‡πÉ‡∏ä‡πâ‡∏á‡∏≤‡∏ô‡πÑ‡∏î‡πâ ‡∏ä‡πà‡∏ß‡∏á‡∏û‡∏µ‡∏Ñ‡∏Å‡∏≤‡∏£‡∏¢‡∏∑‡∏°‡∏≠‡∏≤‡∏à‡∏à‡∏∞‡πÉ‡∏ä‡πâ‡πÄ‡∏ß‡∏•‡∏≤‡∏£‡∏≠‡∏ö‡πâ‡∏≤‡∏á‡πÅ‡∏ï‡πà‡πÑ‡∏°‡πà‡∏ô‡∏≤‡∏ô

‡∏õ‡∏•2.
infographic ‡∏ô‡∏µ‡πâ‡∏•‡∏≠‡∏á‡∏™‡∏£‡πâ‡∏≤‡∏á‡πÉ‡∏ô‡πÇ‡∏õ‡∏£‡πÅ‡∏Å‡∏£‡∏° Adobe Creative Cloud Express (Spark) ‡πÄ‡∏Å‡πà‡∏á‡∏î‡∏µ‡∏°‡∏µ AI ‡πÅ‡∏ï‡πà‡∏ä‡πâ‡∏≤‡∏´‡∏ô‡πà‡∏≠‡∏¢ ‡∏ñ‡πâ‡∏≤‡∏£‡∏µ‡∏ö ‡πÜ ‡πÅ‡∏ô‡∏∞‡∏ô‡∏≥‡πÉ‡∏ä‡πâ Canva ‡πÄ‡∏ö‡∏≤‡∏£‡∏ß‡∏î‡πÄ‡∏£‡πá‡∏ß‡∏Ñ‡∏£‡∏±‡∏ö

‡∏õ‡∏•. 3
‡∏ï‡∏±‡∏ß‡πÑ‡∏´‡∏ô‡∏ó‡∏µ‡πà‡πÉ‡∏ä‡πâ‡∏á‡∏≤‡∏ô‡πÑ‡∏°‡πà‡πÑ‡∏î‡πâ ‡∏Ç‡∏∂‡πâ‡∏ô‡πÅ‡∏à‡πâ‡∏á‡πÉ‡∏´‡πâ‡∏ï‡∏¥‡∏î‡∏ï‡πà‡∏≠ ""IT Administrator"" ‡πÅ‡∏™‡∏î‡∏á‡∏ß‡πà‡∏≤ Adobe ‡∏õ‡∏£‡∏±‡∏ö‡πÄ‡∏õ‡∏•‡∏µ‡πà‡∏¢‡∏ô‡∏™‡∏¥‡∏ó‡∏ò‡∏¥‡πå‡πÉ‡∏´‡∏°‡πà ‡∏î‡∏±‡∏á‡∏ô‡∏±‡πâ‡∏ô‡∏ï‡πâ‡∏≠‡∏á‡∏¢‡∏∑‡∏°license KKU (School or Work Account) ‡∏´‡∏£‡∏∑‡∏≠ ‡∏ã‡∏∑‡πâ‡∏≠‡πÉ‡∏ä‡πâ‡∏™‡πà‡∏ß‡∏ô‡∏ï‡∏±‡∏ß‡πÄ‡∏≠‡∏á (Personal Account) ‡∏à‡∏∂‡∏á‡∏à‡∏∞‡πÉ‡∏ä‡πâ‡∏á‡∏≤‡∏ô‡πÑ‡∏î‡πâ",,,2022-02-09 10:18:26,1644376706.0,,https://scontent.fkkc3-1.fna.fbcdn.net/v/t39.30808-6/273642071_5086432308047428_8380901603079439446_n.jpg?stp=cp0_dst-jpg_e15_p320x320_q65&_nc_cat=107&ccb=1-7&_nc_sid=5bac3a&efg=eyJpIjoidCJ9&_nc_ohc=bqutHe_WjZ4AX897f-L&_nc_ht=scontent.fkkc3-1.fna&oh=00_AT8y2Rc29LflfJBHY1ki40pXqCR9Oq4tOPan5naOkDQRww&oe=631E97E9,,,['https://scontent.fkkc3-1.fna.fbcdn.net/v/t39.30808-6/273642071_5086432308047428_8380901603079439446_n.jpg?stp=cp0_dst-jpg_e15_p320x320_q65&_nc_cat=107&ccb=1-7&_nc_sid=5bac3a&efg=eyJpIjoidCJ9&_nc_ohc=bqutHe_WjZ4AX897f-L&_nc_ht=scontent.fkkc3-1.fna&oh=00_AT8y2Rc29LflfJBHY1ki40pXqCR9Oq4tOPan5naOkDQRww&oe=631E97E9'],"['‡∏≠‡∏≤‡∏à‡πÄ‡∏õ‡πá‡∏ô‡∏£‡∏π‡∏õ‡∏†‡∏≤‡∏û‡∏Ç‡∏≠‡∏á ‡∏Ç‡πâ‡∏≠‡∏Ñ‡∏ß‡∏≤‡∏°‡∏û‡∏π‡∏î‡∏ß‡πà‡∏≤ ""Br Xd Xd Êñ∞ 24 ‡∏°‡∏´‡∏≤‡∏ß‡∏¥‡∏ó‡∏¢‡∏≤‡∏™‡∏±‡∏¢‡∏Ç‡∏≠‡∏ô‡πÅ‡∏Å‡πà‡∏ô Adobe Creative Cloud all apps Ca Ps Lr ld Ae „ÄÇ6 Ai An Au Pl Dw Mu Ve lc Pr En""']",,,,,,,,,,327,25,1551,,http://kkumail.com/?fbclid=IwAR0jigjVTnKoKAglBaKsk-LwUdDZzOy4_GRotdz_UL4coZZZEQ6UbZ1LMXs,"[{'link': '/hashtag/adobe?refid=18&__tn__=%2As-R&paipv=0&eav=Afb6scJPxXPFzRwHYNRWmaSP-f7q8NOFejh2euInXthS4_XXKTvd-zXqjhyMAVv3bh4', 'text': '#Adobe'}, {'link': '/hashtag/kku?refid=18&__tn__=%2As-R&paipv=0&eav=AfZ6X-tllFXwGRfXOpRntbEnO6f_VFqWPMRQkVgoJvfF2wSRZTmq0OXGY0KxOJsElSo', 'text': '#KKU'}, {'link': '/hashtag/adobe?refid=18&__tn__=%2As-R&paipv=0&eav=AfbhYiip-H01veFEDAJEbWmGf33Q1BRep_knxYFVIweyBDAfF4stsow6mSJgLVVlc8Q', 'text': '#Adobe'}, {'link': '/hashtag/24apps?refid=18&__tn__=%2As-R&paipv=0&eav=AfZCVPgt-ccEouOPiNjvJ03Alx3Ct28uHqVrKTRdkBHeJIq4uUWcRH7HgXRMjGB8hlY', 'text': '#24Apps'}, {'link': 'https://lm.facebook.com/l.php?u=http%3A%2F%2Fkkumail.com%2F%3Ffbclid%3DIwAR0jigjVTnKoKAglBaKsk-LwUdDZzOy4_GRotdz_UL4coZZZEQ6UbZ1LMXs&h=AT1JRataiSDcZKEHjQVSKdtQY6GSk3_dVPikeBoancPxUikmWvVOm45IjQB-deuUj2CpU-TcFpzWu4MGt_Bt-M6jpGHLqsQN04Wrto8HOEUKlXkkZnZGRdF1XU3csFOe4XZj_v__l38xghJ7utpisMywYiUC', 'text': 'kkumail.com'}, {'link': '/hashtag/‡∏£‡∏≤‡∏¢‡∏ä‡∏∑‡πà‡∏≠‡πÇ‡∏õ‡∏£‡πÅ‡∏Å‡∏£‡∏°‡∏î‡∏±‡∏á‡∏ô‡∏µ‡πâ‡∏Ñ‡∏£‡∏±‡∏ö?refid=18&__tn__=%2As-R&paipv=0&eav=Afb3iqoaFc0Y8eZvoUERBxQqSRa_UyZuAo302ajj7EFWGCMybEMkKBKxD6i1N8CG4qI', 'text': '#‡∏£‡∏≤‡∏¢‡∏ä‡∏∑‡πà‡∏≠‡πÇ‡∏õ‡∏£‡πÅ‡∏Å‡∏£‡∏°‡∏î‡∏±‡∏á‡∏ô‡∏µ‡πâ‡∏Ñ‡∏£‡∏±‡∏ö'}, {'link': '/hashtag/‡∏õ‡∏•?refid=18&__tn__=%2As-R&paipv=0&eav=AfbUar552NJEOVg1FSabqDahiXtOQATcJGV-9WuhWU4PbeVMeSroaJxPCbhcVVnmawc', 'text': '#‡∏õ‡∏•'}]",100000421277517,Tai Chugraphong,https://facebook.com/KraTaiPaa?groupid=209765519217896&eav=AfZwpWN7iFIbD_VNrNLDDGFWvSUgGYXleiWpL1pjklQfhovuPwWFDEeVBgiZ2Mpt56Q&refid=18&__tn__=C-R&paipv=0,False,,,,,,,True,<generator object PostExtractor.extract_comments_full at 0x000001E7CD4B8890>,[],,"{'like': 327, 'love': 10, 'haha': 1}",338.0,"[{'name': 'Software.kku.ac.th', 'link': 'https://m.facebook.com/groups/kkuSoftware/?refid=18&__tn__=C-R&paipv=0&eav=AfbG1oQOC5-0V3SokOYdKn8a7EahoFGZgJ-Tjhx3Z3eot1ieBNLxWKuBEeXQM-mer0c'}]",209765519217896,,5086432318047427,['5086432318047427'],False,Tai Chugraphong‚ÄéSoftware.kku.ac.th,2022-09-09 01:22:42.908257,40.0,3.0,,1.0,,,
20,378290571013738,"#Dek66 ‡πÄ‡∏ï‡∏£‡∏µ‡∏¢‡∏°‡∏ï‡∏¥‡∏î #‡∏°‡∏Ç.ü•∞
#‡πÄ‡∏Ç‡πâ‡∏≤‡∏Å‡∏•‡∏∏‡πà‡∏° TCAS66 ‡πÄ‡∏ï‡∏£‡∏µ‡∏¢‡∏°‡∏™‡∏≠‡∏ö‡πÄ‡∏Ç‡πâ‡∏≤‡∏°‡∏´‡∏≤‡∏ß‡∏¥‡∏ó‡∏¢‡∏≤‡∏•‡∏±‡∏¢‡∏Ç‡∏≠‡∏ô‡πÅ‡∏Å‡πà‡∏ô ‡∏Å‡∏±‡∏ö ‡∏ó‡∏µ‡∏°‡∏á‡∏≤‡∏ô‡∏ó‡∏µ‡πà‡∏°‡∏µ‡∏õ‡∏£‡∏∞‡∏™‡∏ö‡∏Å‡∏≤‡∏£‡∏ì‡πå ‡∏™‡∏≤‡∏¢‡∏ï‡∏£‡∏á‡∏ä‡πà‡∏ß‡∏¢‡∏ô‡πâ‡∏≠‡∏á‡πÜ‡πÅ‡∏ô‡∏∞‡πÅ‡∏ô‡∏ß‡πÄ‡∏ï‡∏£‡∏µ‡∏¢‡∏°‡∏ï‡∏¥‡∏î ‡∏°‡∏Ç. ‡πÇ‡∏î‡∏¢‡πÄ‡∏â‡∏û‡∏≤‡∏∞
üëáüëáüëáüëáüëáüëá‡∏Å‡∏•‡∏∏‡πà‡∏°‡∏ï‡πâ‡∏ô‡∏â‡∏ö‡∏±‡∏ö
https://www.facebook.com/groups/332678448908284/?ref=share_group_link

#Port #‡∏°‡∏Ç. #KKU
üö®üö®üö®üö®üö®üö®üö®üö®üö®üö®
#KKU #DEK66 #‡∏°‡∏´‡∏≤‡∏ß‡∏¥‡∏ó‡∏¢‡∏≤‡∏•‡∏±‡∏¢‡∏Ç‡∏≠‡∏ô‡πÅ‡∏Å‡πà‡∏ô
#DEK66 #TCAS66","#Dek66 ‡πÄ‡∏ï‡∏£‡∏µ‡∏¢‡∏°‡∏ï‡∏¥‡∏î #‡∏°‡∏Ç.ü•∞
#‡πÄ‡∏Ç‡πâ‡∏≤‡∏Å‡∏•‡∏∏‡πà‡∏° TCAS66 ‡πÄ‡∏ï‡∏£‡∏µ‡∏¢‡∏°‡∏™‡∏≠‡∏ö‡πÄ‡∏Ç‡πâ‡∏≤‡∏°‡∏´‡∏≤‡∏ß‡∏¥‡∏ó‡∏¢‡∏≤‡∏•‡∏±‡∏¢‡∏Ç‡∏≠‡∏ô‡πÅ‡∏Å‡πà‡∏ô ‡∏Å‡∏±‡∏ö ‡∏ó‡∏µ‡∏°‡∏á‡∏≤‡∏ô‡∏ó‡∏µ‡πà‡∏°‡∏µ‡∏õ‡∏£‡∏∞‡∏™‡∏ö‡∏Å‡∏≤‡∏£‡∏ì‡πå ‡∏™‡∏≤‡∏¢‡∏ï‡∏£‡∏á‡∏ä‡πà‡∏ß‡∏¢‡∏ô‡πâ‡∏≠‡∏á‡πÜ‡πÅ‡∏ô‡∏∞‡πÅ‡∏ô‡∏ß‡πÄ‡∏ï‡∏£‡∏µ‡∏¢‡∏°‡∏ï‡∏¥‡∏î ‡∏°‡∏Ç. ‡πÇ‡∏î‡∏¢‡πÄ‡∏â‡∏û‡∏≤‡∏∞
üëáüëáüëáüëáüëáüëá‡∏Å‡∏•‡∏∏‡πà‡∏°‡∏ï‡πâ‡∏ô‡∏â‡∏ö‡∏±‡∏ö
https://www.facebook.com/groups/332678448908284/?ref=share_group_link

#Port #‡∏°‡∏Ç. #KKU
üö®üö®üö®üö®üö®üö®üö®üö®üö®üö®
#KKU #DEK66 #‡∏°‡∏´‡∏≤‡∏ß‡∏¥‡∏ó‡∏¢‡∏≤‡∏•‡∏±‡∏¢‡∏Ç‡∏≠‡∏ô‡πÅ‡∏Å‡πà‡∏ô
#DEK66 #TCAS66",,,2022-05-18 13:01:52,1652853712.0,,https://scontent.fkkc3-1.fna.fbcdn.net/v/t39.30808-6/282242602_318825667068306_1132395659660315973_n.jpg?stp=cp0_dst-jpg_e15_p320x320_q65&_nc_cat=109&ccb=1-7&_nc_sid=5bac3a&efg=eyJpIjoidCJ9&_nc_ohc=s6uuWd134TcAX-uPHnZ&tn=-B_DPogsAKeJprI3&_nc_ht=scontent.fkkc3-1.fna&oh=00_AT8wMEAVeAKIrwtU6OC68EQiIh3VEZhrpdkLvpVGkgsYqw&oe=631E5D88,,,['https://scontent.fkkc3-1.fna.fbcdn.net/v/t39.30808-6/282242602_318825667068306_1132395659660315973_n.jpg?stp=cp0_dst-jpg_e15_p320x320_q65&_nc_cat=109&ccb=1-7&_nc_sid=5bac3a&efg=eyJpIjoidCJ9&_nc_ohc=s6uuWd134TcAX-uPHnZ&tn=-B_DPogsAKeJprI3&_nc_ht=scontent.fkkc3-1.fna&oh=00_AT8wMEAVeAKIrwtU6OC68EQiIh3VEZhrpdkLvpVGkgsYqw&oe=631E5D88'],"[""May be an image of \u200e1 person and \u200etext that says '\u200e‡πÄ‡∏ï‡∏£‡∏µ‡∏¢‡∏° TCAS'66 ‡∏™‡∏µ‡∏õ‡∏£‡∏∞‡∏à‡∏≥‡∏°‡∏´‡∏≤‡∏ß‡∏¥‡∏ó‡∏¢‡∏≤‡∏•‡∏±‡∏¢ ‡πÑ‡∏ß‡πâ‡πÅ‡∏ï‡πà‡∏á PORTFOLIO ‡∏à‡∏∏‡∏¨‡∏≤‡∏Ø ‡∏û‡∏£‡∏∞‡∏à‡∏≠‡∏°‡πÄ‡∏Å‡∏•‡πâ‡∏≤‡∏Ø ‡∏•‡∏≤‡∏î‡∏Å‡∏£‡∏∞‡∏ö‡∏±‡∏á ‡∏°.‡∏Ç‡∏≠‡∏ô‡πÅ‡∏Å‡πà‡∏ô ‡∏°.‡∏≠. ‡∏ò‡∏£‡∏£‡∏°‡∏®‡∏≤‡∏™‡∏ï‡∏£‡πå ‡∏û‡∏£‡∏∞‡∏à‡∏≠‡∏°‡πÄ‡∏Å‡∏•‡πâ‡∏≤‡∏Ø ‡∏û‡∏£‡∏∞‡∏ô‡∏Ñ‡∏£‡πÄ‡∏´‡∏ô‡∏∑‡∏≠ ‡∏°.‡∏°‡∏´‡∏≤‡∏™‡∏≤‡∏£‡∏Ñ‡∏≤‡∏° ‡∏°‡∏´‡∏¥‡∏î‡∏• ‡∏û‡∏£‡∏∞‡∏à‡∏≠‡∏°‡πÄ‡∏Å‡∏•‡πâ‡∏≤ ‡∏òu‡∏ö‡∏∏‡∏£‡∏µ ‡∏°.‡πÅ‡∏°‡πà‡∏ü‡πâ‡∏≤‡∏´‡∏•‡∏ß‡∏á ‡∏°‡∏®‡∏ß ŸÑÿπÿØ ‡∏°.‡∏û‡∏∞‡πÄ‡∏¢‡∏≤ ‡∏°.‡πÄ‡∏Å‡∏©‡∏ï‡∏£‡∏Ø ‡∏°.‡πÄ‡∏ä‡∏µ‡∏¢‡∏á‡πÉ‡∏´‡∏°‡πà ‡∏°.‡∏ô‡πÄ‡∏£‡∏®‡∏ß‡∏£ ‡∏°.‡∏ó‡∏±‡∏Å‡∏©‡∏¥‡∏ì ‡∏°.‡∏ö‡∏π‡∏£‡∏û‡∏≤ ‡∏°.‡∏®‡∏¥‡∏•‡∏õ‡∏≤‡∏Å‡∏£ *‡∏õ‡∏£‡∏±‡∏ö‡πÄ‡∏ô‡∏∑‡πâ‡∏≠‡∏´‡∏≤‡πÑ‡∏î‡πâ‡∏ï‡∏≤‡∏°‡∏Ñ‡∏ß‡∏≤‡∏°‡πÄ‡∏´‡∏°‡∏≤‡∏∞‡∏™‡∏° f ‡πÄ‡∏£‡∏µ‡∏¢‡∏ô‡∏ï‡πà‡∏≠‡∏≠‡∏µ‡∏™‡∏≤‡∏ô ‡∏†‡∏≤‡∏£‡πÇ‡∏£‡∏á‡∏™‡πÄ‡∏ï‡∏ä‡∏±‡πà‡∏ô ‡∏ï‡∏¥‡∏î‡∏ï‡∏≤‡∏°‡∏Ç‡πâ‡∏≠‡∏°‡∏π‡∏•‡∏Ç‡πà‡∏≤‡∏ß‡∏™‡∏≤‡∏£‡πÑ‡∏î‡πâ‡∏ó‡∏µ‡πà‡πÄ‡∏û‡∏à: TCAS66 ‡πÄ‡∏î‡∏£‡∏µ‡∏¢‡∏°‡∏™‡∏≠‡∏ö‡πÄ‡∏Ç‡πâ‡∏≤‡∏°‡∏´‡∏≤‡∏ß‡∏¥‡∏ó‡∏¢‡∏≤‡∏•‡∏±‡∏¢‡∏Ç‡∏≠‡∏ô‡πÅ‡∏Å‡πà‡∏ô ‡∏Å‡∏•‡∏∏‡πà‡∏°‡∏™‡∏≤‡∏ò‡∏≤‡∏£‡∏ì‡∏∞\u200e'\u200e\u200e""]",,,,,,,,,,263,19,486,,,"[{'link': '/hashtag/dek66?refid=18&__tn__=%2As-R&paipv=0&eav=AfbF1Vfpt4uMQ7nF_TZbRCfKVNrERqraztl1Q8_fzHms3FMpWBUtLGQ7YeFGzfZxcFw', 'text': '#Dek66'}, {'link': '/hashtag/‡∏°‡∏Ç?refid=18&__tn__=%2As-R&paipv=0&eav=AfYbXfzm-aSwmd57J56S9Ymi7pbsRZ3DAHmf0x7bFH2rozeNb4aa78KbtH1c9eqD-qo', 'text': '#‡∏°‡∏Ç'}, {'link': '/hashtag/‡πÄ‡∏Ç‡πâ‡∏≤‡∏Å‡∏•‡∏∏‡πà‡∏°?refid=18&__tn__=%2As-R&paipv=0&eav=AfaOgTFq82BK7yUjevErKiWr0w31Fki1t4FmVeWScGDVgvQD33-HXsHequitgV1fyQo', 'text': '#‡πÄ‡∏Ç‡πâ‡∏≤‡∏Å‡∏•‡∏∏‡πà‡∏°'}, {'link': 'https://m.facebook.com/groups/332678448908284/?refid=18&__tn__=%2As-R&paipv=0&eav=AfaXNxP6bx24g7SsKGHNnxkzMo2DRIVaGSFUyYrI9GbwyBGn2Lulw9PZkmcYdFpAL8Y', 'text': 'https://www.facebook.com/groups/332678448908284/?ref=share_group_link'}, {'link': '/hashtag/port?refid=18&__tn__=%2As-R&paipv=0&eav=AfasNjWP5r8eLZyMEv7GvGS_8SGGTaQtbwKcYNZ0LnH5Y_x-PU0o8a20SWDJzXxT0f8', 'text': '#Port'}, {'link': '/hashtag/‡∏°‡∏Ç?refid=18&__tn__=%2As-R&paipv=0&eav=AfahLz0G0zXkbjUfAm8q9JNLhB16tUMZEelwigfRqXFE9805uVx1gUhlw9FjCQKXfLQ', 'text': '#‡∏°‡∏Ç'}, {'link': '/hashtag/kku?refid=18&__tn__=%2As-R&paipv=0&eav=AfbxgzBXmV3xWIKeSANS9dn2WtnrQxkxb_dquw0ZU64jnjaYS73QNXKzcwMR-jQSCo4', 'text': '#KKU'}, {'link': '/hashtag/kku?refid=18&__tn__=%2As-R&paipv=0&eav=AfZ5S26mF6fmI6kfjIt0zNkJfDVYz4c4VnxZpV4sC3-SDtMbLRJ_YUTcrD-0YLry7Bg', 'text': '#KKU'}, {'link': '/hashtag/dek66?refid=18&__tn__=%2As-R&paipv=0&eav=Afaa3Y6ZOANQmRz-goFngCK6YS1n_n62rDvkCIdQwThG0JAvS3F3fy-b9wPNpgNmyJc', 'text': '#DEK66'}, {'link': '/hashtag/‡∏°‡∏´‡∏≤‡∏ß‡∏¥‡∏ó‡∏¢‡∏≤‡∏•‡∏±‡∏¢‡∏Ç‡∏≠‡∏ô‡πÅ‡∏Å‡πà‡∏ô?refid=18&__tn__=%2As-R&paipv=0&eav=Afak8SQnQy9VFfHhb_S3DZjoqKuqvY-PlKFDpMNVfzwX-9wEt2A58tV6ZWBUxm0oLUY', 'text': '#‡∏°‡∏´‡∏≤‡∏ß‡∏¥‡∏ó‡∏¢‡∏≤‡∏•‡∏±‡∏¢‡∏Ç‡∏≠‡∏ô‡πÅ‡∏Å‡πà‡∏ô'}, {'link': '/hashtag/dek66?refid=18&__tn__=%2As-R&paipv=0&eav=AfZr9E0p42jUv6JuWU5BPgpJe9idoIA3sQgbhuzXiTXKlVmxsyYA9GLqJm38BuXS7yc', 'text': '#DEK66'}, {'link': '/hashtag/tcas66?refid=18&__tn__=%2As-R&paipv=0&eav=AfYC30TTr6WY9c5eeUNlDLmtuugiEizuao1kmlVDrmGnH5WQs4mCwzzrrC2OPOXVbg4', 'text': '#TCAS66'}]",107313014886240,‡πÄ‡∏£‡∏µ‡∏¢‡∏ô‡∏ï‡πà‡∏≠‡∏õ‡∏£‡∏∞‡πÄ‡∏ó‡∏®‡πÑ‡∏ó‡∏¢,https://facebook.com/‡πÄ‡∏£‡∏µ‡∏¢‡∏ô‡∏ï‡πà‡∏≠‡∏õ‡∏£‡∏∞‡πÄ‡∏ó‡∏®‡πÑ‡∏ó‡∏¢-107313014886240/?refid=18&__tn__=C-R&paipv=0&eav=AfZdlZ9t-aUnuw6vnXwpOThWZIRpeamIj047lCtmSKmq2wSKd6yPYMMYOtLF-0IcMH8,False,,,,,,,True,<generator object PostExtractor.extract_comments_full at 0x000001E7CD1C3C10>,[],,"{'like': 263, 'love': 35, 'wow': 2, 'care': 2}",302.0,"[{'name': 'TCAS66 ‡πÄ‡∏ï‡∏£‡∏µ‡∏¢‡∏°‡∏™‡∏≠‡∏ö‡πÄ‡∏Ç‡πâ‡∏≤‡∏°‡∏´‡∏≤‡∏ß‡∏¥‡∏ó‡∏¢‡∏≤‡∏•‡∏±‡∏¢‡∏Ç‡∏≠‡∏ô‡πÅ‡∏Å‡πà‡∏ô', 'link': 'https://m.facebook.com/groups/332678448908284/?refid=18&__tn__=C-R&paipv=0&eav=AfYtndLQNg_zo__iG4KJL9Omp6Hj6VHilODL_gsE0kOUfl6i95G44Piq_NqsBRKl44o'}]",107313014886240,,107313014886240,['107313014886240'],False,‡πÄ‡∏£‡∏µ‡∏¢‡∏ô‡∏ï‡πà‡∏≠‡∏õ‡∏£‡∏∞‡πÄ‡∏ó‡∏®‡πÑ‡∏ó‡∏¢‚ÄéTCAS66 ‡πÄ‡∏ï‡∏£‡∏µ‡∏¢‡∏°‡∏™‡∏≠‡∏ö‡πÄ‡∏Ç‡πâ‡∏≤‡∏°‡∏´‡∏≤‡∏ß‡∏¥‡∏ó‡∏¢‡∏≤‡∏•‡∏±‡∏¢‡∏Ç‡∏≠‡∏ô‡πÅ‡∏Å‡πà‡∏ô,2022-09-09 01:22:45.997810,33.0,,,,,,
