,id,date,username,caption,comment_count,like
0,2923321229222702619_55050495026,2022-09-09 07:04:28+00:00,the.candy.candle,"Ready to serve ЁЯзБЁЯХпЁЯТЧ
 
ЁЯУж р╕кр╕▒р╣Ир╕Зр╕Ир╕нр╕Зр╣Др╕Фр╣Йр╣Бр╕ер╣Йр╕зр╕зр╕▒р╕Щр╕Щр╕╡р╣Йр╕Чр╕▓р╕Зр╕Кр╣Ир╕нр╕Зр╕Чр╕▓р╕З DM р╣Др╕Фр╣Йр╕Хр╕ер╕нр╕Ф 24 р╕Кр╕б.
ЁЯУор╕гр╕░р╣Бр╕зр╕Бр╕бр╕лр╕▓р╕зр╕┤р╕Чр╕вр╕▓р╕ер╕▒р╕вр╕Вр╕нр╕Щр╣Бр╕Бр╣Ир╕Щр╕Ир╕▒р╕Фр╕кр╣Ир╕Зр╕Яр╕гр╕╡р╕Цр╕╢р╕Зр╕Чр╕╡р╣И !!!
ЁЯЪЫр╕Юр╕гр╣Йр╕нр╕бр╕Ир╕▒р╕Фр╕кр╣Ир╕Зр╣Др╕Фр╣Йр╕Чр╕▒р╣Йр╕зр╕Ыр╕гр╕░р╣Ар╕Чр╕ир╣Др╕Чр╕в

#р╣Ар╕Чр╕╡р╕вр╕Щр╕лр╕нр╕б#candle #р╕Хр╕Бр╣Бр╕Хр╣Ир╕Зр╕лр╣Йр╕нр╕З #р╕Ыр╕гр╕░р╕Фр╕▒р╕Ър╕лр╣Йр╕нр╕З #р╣Ар╕Чр╕╡р╕вр╕Щ #р╣Ар╕Чр╕╡р╕вр╕Щр╕лр╕нр╕бр╣Др╕Вр╕Цр╕▒р╣Ир╕зр╣Ар╕лр╕ер╕╖р╕нр╕З #р╕бр╕В #kku #р╕Вр╕нр╕Щр╣Бр╕Бр╣Ир╕Щ",0,2
1,2923317363500397181_55050495026,2022-09-09 06:56:47+00:00,the.candy.candle,"ЁЯУж р╕кр╕▒р╣Ир╕Зр╕Ир╕нр╕Зр╣Др╕Фр╣Йр╣Бр╕ер╣Йр╕зр╕зр╕▒р╕Щр╕Щр╕╡р╣Йр╕Чр╕▓р╕Зр╕Кр╣Ир╕нр╕Зр╕Чр╕▓р╕З DM р╣Др╕Фр╣Йр╕Хр╕ер╕нр╕Ф 24 р╕Кр╕б.
ЁЯУор╕гр╕░р╣Бр╕зр╕Бр╕бр╕лр╕▓р╕зр╕┤р╕Чр╕вр╕▓р╕ер╕▒р╕вр╕Вр╕нр╕Щр╣Бр╕Бр╣Ир╕Щр╕Ир╕▒р╕Фр╕кр╣Ир╕Зр╕Яр╕гр╕╡р╕Цр╕╢р╕Зр╕Чр╕╡р╣И !!!
ЁЯЪЫр╕Юр╕гр╣Йр╕нр╕бр╕Ир╕▒р╕Фр╕кр╣Ир╕Зр╣Др╕Фр╣Йр╕Чр╕▒р╣Йр╕зр╕Ыр╕гр╕░р╣Ар╕Чр╕ир╣Др╕Чр╕в

#р╣Ар╕Чр╕╡р╕вр╕Щр╕лр╕нр╕б#candle #р╕Хр╕Бр╣Бр╕Хр╣Ир╕Зр╕лр╣Йр╕нр╕З #р╕Ыр╕гр╕░р╕Фр╕▒р╕Ър╕лр╣Йр╕нр╕З #р╣Ар╕Чр╕╡р╕вр╕Щ #р╣Ар╕Чр╕╡р╕вр╕Щр╕лр╕нр╕бр╣Др╕Вр╕Цр╕▒р╣Ир╕зр╣Ар╕лр╕ер╕╖р╕нр╕З #р╕бр╕В #kku #р╕Вр╕нр╕Щр╣Бр╕Бр╣Ир╕Щ",0,5
2,2923313651994429212_55050495026,2022-09-09 06:49:25+00:00,the.candy.candle,"тА╝я╕ПOpen for orders тА╝я╕П 
ЁЯУж р╕кр╕▒р╣Ир╕Зр╕Ир╕нр╕Зр╣Др╕Фр╣Йр╣Бр╕ер╣Йр╕зр╕зр╕▒р╕Щр╕Щр╕╡р╣Йр╕Чр╕▓р╕Зр╕Кр╣Ир╕нр╕Зр╕Чр╕▓р╕З DM р╣Др╕Фр╣Йр╕Хр╕ер╕нр╕Ф 24 р╕Кр╕б.
ЁЯУор╕гр╕░р╣Бр╕зр╕Бр╕бр╕лр╕▓р╕зр╕┤р╕Чр╕вр╕▓р╕ер╕▒р╕вр╕Вр╕нр╕Щр╣Бр╕Бр╣Ир╕Щр╕Ир╕▒р╕Фр╕кр╣Ир╕Зр╕Яр╕гр╕╡р╕Цр╕╢р╕Зр╕Чр╕╡р╣И !!!
ЁЯЪЫр╕Юр╕гр╣Йр╕нр╕бр╕Ир╕▒р╕Фр╕кр╣Ир╕Зр╣Др╕Фр╣Йр╕Чр╕▒р╣Йр╕зр╕Ыр╕гр╕░р╣Ар╕Чр╕ир╣Др╕Чр╕в

#р╣Ар╕Чр╕╡р╕вр╕Щр╕лр╕нр╕б#candle #р╕Хр╕Бр╣Бр╕Хр╣Ир╕Зр╕лр╣Йр╕нр╕З #р╕Ыр╕гр╕░р╕Фр╕▒р╕Ър╕лр╣Йр╕нр╕З #р╣Ар╕Чр╕╡р╕вр╕Щ #р╣Ар╕Чр╕╡р╕вр╕Щр╕лр╕нр╕бр╣Др╕Вр╕Цр╕▒р╣Ир╕зр╣Ар╕лр╕ер╕╖р╕нр╕З #р╕бр╕В #kku #р╕Вр╕нр╕Щр╣Бр╕Бр╣Ир╕Щ",0,5
3,2923313081778872672_55050495026,2022-09-09 06:48:17+00:00,the.candy.candle,"р╕Юр╕гр╣Йр╕нр╕бр╣Ар╕кр╕┤р╕гр╣Мр╕Яр╕Др╕зр╕▓р╕бр╕Щр╣Ир╕▓р╕гр╕▒р╕Бр╣Бр╕ер╣Йр╕зр╕Др╣Ир╕░ ЁЯзБЁЯХп 

ЁЯУж р╕кр╕▒р╣Ир╕Зр╕Ир╕нр╕Зр╣Др╕Фр╣Йр╣Бр╕ер╣Йр╕зр╕зр╕▒р╕Щр╕Щр╕╡р╣Йр╕Чр╕▓р╕Зр╕Кр╣Ир╕нр╕Зр╕Чр╕▓р╕З DM р╣Др╕Фр╣Йр╕Хр╕ер╕нр╕Ф 24 р╕Кр╕б.
ЁЯУор╕гр╕░р╣Бр╕зр╕Бр╕бр╕лр╕▓р╕зр╕┤р╕Чр╕вр╕▓р╕ер╕▒р╕вр╕Вр╕нр╕Щр╣Бр╕Бр╣Ир╕Щр╕Ир╕▒р╕Фр╕кр╣Ир╕Зр╕Яр╕гр╕╡р╕Цр╕╢р╕Зр╕Чр╕╡р╣И !!!
ЁЯЪЫр╕Юр╕гр╣Йр╕нр╕бр╕Ир╕▒р╕Фр╕кр╣Ир╕Зр╣Др╕Фр╣Йр╕Чр╕▒р╣Йр╕зр╕Ыр╕гр╕░р╣Ар╕Чр╕ир╣Др╕Чр╕в

#р╣Ар╕Чр╕╡р╕вр╕Щр╕лр╕нр╕б#candle #р╕Хр╕Бр╣Бр╕Хр╣Ир╕Зр╕лр╣Йр╕нр╕З #р╕Ыр╕гр╕░р╕Фр╕▒р╕Ър╕лр╣Йр╕нр╕З #р╣Ар╕Чр╕╡р╕вр╕Щ #р╣Ар╕Чр╕╡р╕вр╕Щр╕лр╕нр╕бр╣Др╕Вр╕Цр╕▒р╣Ир╕зр╣Ар╕лр╕ер╕╖р╕нр╕З #р╕бр╕В #kku #р╕Вр╕нр╕Щр╣Бр╕Бр╣Ир╕Щ",0,5
4,2923259114978827535_4511793977,2022-09-09 05:01:04+00:00,y_ourstyle.store,"ъТ░ р╕Ыр╕▒р╕Фр╕Вр╕зр╕▓р╣Ар╕Юр╕╖р╣Ир╕нр╕Фр╕╣р╕кр╕┤р╕Щр╕Др╣Йр╕▓ ъТ▒ тЪбя╕П 9.9 FLASH SALE тЪбя╕Пр╕ер╕Фр╕кр╕╣р╕Зр╕кр╕╕р╕Фр╕Цр╕╢р╕З 30% ЁЯФе р╕гр╕▓р╕Др╕▓р╣Ар╕гр╕┤р╣Ир╕бр╕Хр╣Йр╕Щр╕Чр╕╡р╣И 20.- р╣Ар╕Чр╣Ир╕▓р╕Щр╕▒р╣Йр╕ЩтА╝я╕П (р╣Ар╕Йр╕Юр╕▓р╕░р╕кр╕┤р╕Щр╕Др╣Йр╕▓р╣Гр╕Щр╣Вр╕Юр╕кр╕Хр╣Мр╕Щр╕╡р╣Й) ЁЯдй 

ЁЯУг р╕Хр╕▒р╣Йр╕Зр╣Бр╕Хр╣Ир╕зр╕▒р╕Щр╕Щр╕╡р╣Й - р╣Ар╕Чр╕╡р╣Ир╕вр╕Зр╕Др╕╖р╕Щр╕зр╕▒р╕Щр╕Чр╕╡р╣И 12 р╕Б.р╕в. 2565 

ЁЯНДPromotion тЯв
ЁУВВЁУП╕ 3 р╕Кр╕┤р╣Йр╕Щр╕кр╣Ир╕Зр╕Яр╕гр╕╡ (р╣Гр╕Щр╕бр╕В.)

ЁЯЫТContact тАФ Line only
Line : @259ofvpj (р╕бр╕╡@) // Link in bio

#р╣Ар╕Др╕гр╕╖р╣Ир╕нр╕Зр╕Ыр╕гр╕░р╕Фр╕▒р╕Ъ #р╕кр╕гр╣Йр╕нр╕вр╕Др╕н #р╕кр╕гр╣Йр╕нр╕вр╕Вр╣Йр╕нр╕бр╕╖р╕н #р╣Бр╕лр╕зр╕Щ #р╕Хр╣Ир╕▓р╕Зр╕лр╕╣  #р╣Ар╕Др╕гр╕╖р╣Ир╕нр╕Зр╕Ыр╕гр╕░р╕Фр╕▒р╕Ър╕гр╕▓р╕Др╕▓р╕Цр╕╣р╕Б #р╕Цр╕╣р╕Бр╣Бр╕ер╕░р╕Фр╕╡ #р╕бр╕В",0,2
5,2923259010137029684_48040837510,2022-09-09 05:00:51+00:00,becheese_official,"ЁЯУгр╣Ар╕Ыр╕┤р╕Фр╕Ир╕нр╕Зр╣Ар╕Ыр╕╡р╣Кр╕вр╕░р╕ер╕▓р╕зр╕▓р╕гр╕нр╕Ър╕зр╕▒р╕Щр╕нр╕▒р╕Зр╕Др╕▓р╕гр╕Чр╕╡р╣И 13/9/65ЁЯдЧ
тЬЕр╕бр╕╡р╣Гр╕лр╣Йр╣Ар╕ер╕╖р╕нр╕Бр╕лр╕ер╕▓р╕вр╕гр╕к р╕лр╕ер╕▓р╕вр╕Вр╕Щр╕▓р╕Фр╕Щр╣Йр╕▓ ЁЯШШ

ЁЯТер╕кр╣Ир╕Зр╕Яр╕гр╕╡р╕гр╕нр╕Ъ р╕бр╕В. / р╣Гр╕Щр╣Ар╕бр╕╖р╕нр╕З-р╕Чр╕╡р╣Ир╕нр╕╖р╣Ир╕Щр╣Ж р╕Др╣Ир╕▓р╕кр╣Ир╕З 10-30 р╕Ър╕▓р╕Чр╕Хр╕▓р╕бр╕гр╕░р╕вр╕░р╕Чр╕▓р╕З

ЁЯУжр╕Хр╣Ир╕▓р╕Зр╕Ир╕▒р╕Зр╕лр╕зр╕▒р╕Ф/р╕нр╕│р╣Ар╕ар╕н р╕кр╣Ир╕З flash р╕Чр╕▒р╣Ир╕зр╕Ыр╕гр╕░р╣Ар╕Чр╕и 60 р╕Ър╕▓р╕Ч

ЁЯзбр╣Др╕Вр╣Ир╣Ар╕Др╣Зр╕бр╕ер╕▓р╕зр╕▓ ЁЯдОр╕Кр╣Зр╕нр╕Др╕ер╕▓р╕зр╕▓
ЁЯТЪр╕Кр╕▓р╣Ар╕Вр╕╡р╕вр╕зр╕Цр╕▒р╣Ир╕зр╣Бр╕Фр╕З ЁЯзбр╕Эр╕нр╕вр╕Чр╕нр╕Зр╣Др╕Вр╣Ир╣Ар╕Др╣Зр╕б
ЁЯТЫр╕Чр╕╕р╣Ар╕гр╕╡р╕вр╕Щр╕ер╕▓р╕зр╕▓ ЁЯНар╣Ар╕Ьр╕╖р╕нр╕Бр╕лр╕нр╕бр╣Др╕Вр╣Ир╣Ар╕Др╣Зр╕б
ЁЯеЬр╕Цр╕▒р╣Ир╕зр╕Чр╕нр╕Зр╣Др╕Вр╣Ир╣Ар╕Др╣Зр╕б
р╕Бр╕ер╣Ир╕нр╕З size S (2 р╕ер╕╣р╕Б)
 - р╣Ар╕ер╕╖р╕нр╕Б 1 р╕гр╕к  65 р╕Ър╕▓р╕Ч
 - р╕Др╕ер╕░ 2 р╕гр╕к  70 р╕Ър╕▓р╕Ч
р╕Бр╕ер╣Ир╕нр╕З size M (4 р╕ер╕╣р╕Б)
 - р╣Ар╕ер╕╖р╕нр╕Б 1 р╕гр╕к  120 р╕Ър╕▓р╕Ч
 - р╕Др╕ер╕░ 2-3 р╕гр╕к  129 р╕Ър╕▓р╕Ч
р╕Бр╕ер╣Ир╕нр╕З size L (6 р╕ер╕╣р╕Б)
 - р╣Ар╕ер╕╖р╕нр╕Б 1 р╕гр╕к  175 р╕Ър╕▓р╕Ч
 - р╕Др╕ер╕░ 2 р╕гр╕к  179 р╕Ър╕▓р╕Ч
 - р╕Др╕ер╕░ 3 р╕гр╕к  185 р╕Ър╕▓р╕Ч
 - р╕Др╕ер╕░р╣Др╕Фр╣Йр╣Др╕бр╣Ир╕Ир╕│р╕Бр╕▒р╕Ф 189 р╕Ър╕▓р╕Ч

#becheese #р╣Ар╕Ыр╕╡р╣Кр╕вр╕░р╕ер╕▓р╕зр╕▓р╕Вр╕нр╕Щр╣Бр╕Бр╣Ир╕Щ #р╕Вр╕Щр╕бр╣Ар╕Ыр╕╡р╣Кр╕вр╕░р╕ер╕▓р╕зр╕▓ #р╕Вр╕нр╕Щр╣Бр╕Бр╣Ир╕Щ #р╕бр╕В #р╕гр╕╡р╕зр╕┤р╕зр╕Вр╕нр╕Щр╣Бр╕Бр╣Ир╕Щ #р╕Щр╕▒р╕Фр╕гр╕▒р╕Ър╕бр╕В #р╣Ар╕Ыр╕╡р╣Кр╕вр╕░р╕ер╕▓р╕зр╕▓р╣Др╕Вр╣Ир╣Ар╕Др╣Зр╕б #р╣Ар╕Ыр╕╡р╣Кр╕вр╕░р╕ер╕░р╕бр╕╕р╕Щ #р╣Ар╕Ыр╕╡р╣Кр╕вр╕░р╕ер╕▓р╕зр╕▓ #р╕Щр╕▒р╕Фр╕гр╕▒р╕Ър╕Вр╕нр╕Щр╣Бр╕Бр╣Ир╕Щ #р╣Ар╕Ыр╕╡р╣Кр╕вр╕░р╣Др╕Вр╣Ир╣Ар╕Др╣Зр╕бр╕ер╕▓р╕зр╕▓ #р╣Ар╕Ыр╕╡р╣Кр╕вр╕░р╕Чр╕╕р╣Ар╕гр╕╡р╕вр╕Щ #р╣Ар╕Ыр╕╡р╣Кр╕вр╕░р╕Эр╕нр╕вр╕Чр╕нр╕Зр╣Др╕Вр╣Ир╣Ар╕Др╣Зр╕б #р╣Ар╕Ыр╕╡р╣Кр╕вр╕░р╕Кр╣Зр╕нр╕Др╣Вр╕Бр╣Бр╕ер╕Хр╕ер╕▓р╕зр╕▓ #р╣Ар╕Ыр╕╡р╣Кр╕вр╕░р╣Ар╕Ьр╕╖р╕нр╕Бр╕лр╕нр╕бр╣Др╕Вр╣Ир╣Ар╕Др╣Зр╕б",0,3
6,2923256936985834270_4511793977,2022-09-09 04:56:44+00:00,y_ourstyle.store,"ъТ░ р╕Ыр╕▒р╕Фр╕Вр╕зр╕▓р╣Ар╕Юр╕╖р╣Ир╕нр╕Фр╕╣р╕кр╕┤р╕Щр╕Др╣Йр╕▓ ъТ▒ тЪбя╕П 9.9 FLASH SALE тЪбя╕Пр╕ер╕Фр╕кр╕╣р╕Зр╕кр╕╕р╕Фр╕Цр╕╢р╕З 30% ЁЯФе р╕гр╕▓р╕Др╕▓р╣Ар╕гр╕┤р╣Ир╕бр╕Хр╣Йр╕Щр╕Чр╕╡р╣И 20.- р╣Ар╕Чр╣Ир╕▓р╕Щр╕▒р╣Йр╕ЩтА╝я╕П (р╣Ар╕Йр╕Юр╕▓р╕░р╕кр╕┤р╕Щр╕Др╣Йр╕▓р╣Гр╕Щр╣Вр╕Юр╕кр╕Хр╣Мр╕Щр╕╡р╣Й) ЁЯдй 

ЁЯУг р╕Хр╕▒р╣Йр╕Зр╣Бр╕Хр╣Ир╕зр╕▒р╕Щр╕Щр╕╡р╣Й - р╣Ар╕Чр╕╡р╣Ир╕вр╕Зр╕Др╕╖р╕Щр╕зр╕▒р╕Щр╕Чр╕╡р╣И 12 р╕Б.р╕в. 2565 

ЁЯНДPromotion тЯв
ЁУВВЁУП╕ 3 р╕Кр╕┤р╣Йр╕Щр╕кр╣Ир╕Зр╕Яр╕гр╕╡ (р╣Гр╕Щр╕бр╕В.)

ЁЯЫТContact тАФ Line only
Line : @259ofvpj (р╕бр╕╡@) // Link in bio

#р╣Ар╕Др╕гр╕╖р╣Ир╕нр╕Зр╕Ыр╕гр╕░р╕Фр╕▒р╕Ъ #р╕кр╕гр╣Йр╕нр╕вр╕Др╕н #р╕кр╕гр╣Йр╕нр╕вр╕Вр╣Йр╕нр╕бр╕╖р╕н #р╣Бр╕лр╕зр╕Щ #р╕Хр╣Ир╕▓р╕Зр╕лр╕╣  #р╣Ар╕Др╕гр╕╖р╣Ир╕нр╕Зр╕Ыр╕гр╕░р╕Фр╕▒р╕Ър╕гр╕▓р╕Др╕▓р╕Цр╕╣р╕Б #р╕Цр╕╣р╕Бр╣Бр╕ер╕░р╕Фр╕╡ #р╕бр╕В",0,3
7,2923256068052064709_4511793977,2022-09-09 04:55:00+00:00,y_ourstyle.store,"ъТ░ р╕Ыр╕▒р╕Фр╕Вр╕зр╕▓р╣Ар╕Юр╕╖р╣Ир╕нр╕Фр╕╣р╕кр╕┤р╕Щр╕Др╣Йр╕▓ ъТ▒ тЪбя╕П 9.9 FLASH SALE тЪбя╕Пр╕ер╕Фр╕кр╕╣р╕Зр╕кр╕╕р╕Фр╕Цр╕╢р╕З 30% ЁЯФе р╕гр╕▓р╕Др╕▓р╣Ар╕гр╕┤р╣Ир╕бр╕Хр╣Йр╕Щр╕Чр╕╡р╣И 20.- р╣Ар╕Чр╣Ир╕▓р╕Щр╕▒р╣Йр╕ЩтА╝я╕П (р╣Ар╕Йр╕Юр╕▓р╕░р╕кр╕┤р╕Щр╕Др╣Йр╕▓р╣Гр╕Щр╣Вр╕Юр╕кр╕Хр╣Мр╕Щр╕╡р╣Й) ЁЯдй 

ЁЯУг р╕Хр╕▒р╣Йр╕Зр╣Бр╕Хр╣Ир╕зр╕▒р╕Щр╕Щр╕╡р╣Й - р╣Ар╕Чр╕╡р╣Ир╕вр╕Зр╕Др╕╖р╕Щр╕зр╕▒р╕Щр╕Чр╕╡р╣И 12 р╕Б.р╕в. 2565 

ЁЯНДPromotion тЯв
ЁУВВЁУП╕ 3 р╕Кр╕┤р╣Йр╕Щр╕кр╣Ир╕Зр╕Яр╕гр╕╡ (р╣Гр╕Щр╕бр╕В.)

ЁЯЫТContact тАФ Line only
Line : @259ofvpj (р╕бр╕╡@) // Link in bio

#р╣Ар╕Др╕гр╕╖р╣Ир╕нр╕Зр╕Ыр╕гр╕░р╕Фр╕▒р╕Ъ #р╕кр╕гр╣Йр╕нр╕вр╕Др╕н #р╕кр╕гр╣Йр╕нр╕вр╕Вр╣Йр╕нр╕бр╕╖р╕н #р╣Бр╕лр╕зр╕Щ #р╕Хр╣Ир╕▓р╕Зр╕лр╕╣  #р╣Ар╕Др╕гр╕╖р╣Ир╕нр╕Зр╕Ыр╕гр╕░р╕Фр╕▒р╕Ър╕гр╕▓р╕Др╕▓р╕Цр╕╣р╕Б #р╕Цр╕╣р╕Бр╣Бр╕ер╕░р╕Фр╕╡ #р╕бр╕В",0,2
8,2923219286076703042_55050495026,2022-09-09 03:41:56+00:00,the.candy.candle,"Open with promotion 9.9 тЬиЁЯе│
тЭМ99р╕┐тЭМр╣Ар╕гр╕▓р╣Др╕бр╣Ир╕Вр╕▓р╕вр╕в р╕зр╕▒р╕Щр╕Щр╕╡р╣Й-11 р╕Бр╕▒р╕Щр╕вр╕▓р╕вр╕Щр╕Щр╕╡р╣Й р╕Ир╕▒р╕Фр╣Др╕Ыр╣Гр╕Щр╕гр╕▓р╕Др╕▓ 69р╕┐ р╣Ар╕Чр╣Ир╕▓р╕Щр╕▒р╣Йр╕Щ ЁЯШ▒

р╕вр╕▒р╕Зр╣Др╕бр╣Ир╕Юр╕нр╕ер╕╣р╕Бр╕Др╣Йр╕▓р╕кр╕▓р╕бр╕▓р╕гр╕Цр╣Ар╕ер╕╖р╕нр╕Б Topping р╕Хр╕Бр╣Бр╕Хр╣Ир╕Зр╣Др╕Фр╣Йр╣Ар╕нр╕Зр╕Хр╕▓р╕бр╕Др╕зр╕▓р╕бр╕Кр╕нр╕Ъ ЁЯТЧ
тЭгя╕Пр╣Ар╕ер╕╖р╣Ир╕нр╕Щр╕Фр╕╣р╕зр╕┤р╕Шр╕╡р╕кр╕▒р╣Ир╕Зр╣Др╕Фр╣Йр╣Ар╕ер╕вр╕Др╣Ир╕░ 
Made to order р╣Бр╕Хр╣Ир╕ер╕░р╕Кр╕┤р╣Йр╕Щр╣Гр╕кр╣Ир╣Гр╕Ир╕Чр╕│р╣Гр╕Щр╕Чр╕╕р╕Бр╕Вр╕▒р╣Йр╕Щр╕Хр╕нр╕Щ 

ЁЯУж р╕кр╕▒р╣Ир╕Зр╕Ир╕нр╕Зр╣Др╕Фр╣Йр╣Бр╕ер╣Йр╕зр╕зр╕▒р╕Щр╕Щр╕╡р╣Йр╕Чр╕▓р╕Зр╕Кр╣Ир╕нр╕Зр╕Чр╕▓р╕З DM р╣Др╕Фр╣Йр╕Хр╕ер╕нр╕Ф 24 р╕Кр╕б.
ЁЯУор╕гр╕░р╣Бр╕зр╕Бр╕бр╕лр╕▓р╕зр╕┤р╕Чр╕вр╕▓р╕ер╕▒р╕вр╕Вр╕нр╕Щр╣Бр╕Бр╣Ир╕Щр╕Ир╕▒р╕Фр╕кр╣Ир╕Зр╕Яр╕гр╕╡р╕Цр╕╢р╕Зр╕Чр╕╡р╣И !!!
ЁЯЪЫр╕Юр╕гр╣Йр╕нр╕бр╕Ир╕▒р╕Фр╕кр╣Ир╕Зр╣Др╕Фр╣Йр╕Чр╕▒р╣Йр╕зр╕Ыр╕гр╕░р╣Ар╕Чр╕ир╣Др╕Чр╕в

#р╣Ар╕Чр╕╡р╕вр╕Щр╕лр╕нр╕б#candle #р╕Хр╕Бр╣Бр╕Хр╣Ир╕Зр╕лр╣Йр╕нр╕З #р╕Ыр╕гр╕░р╕Фр╕▒р╕Ър╕лр╣Йр╕нр╕З #р╣Ар╕Чр╕╡р╕вр╕Щ #р╣Ар╕Чр╕╡р╕вр╕Щр╕лр╕нр╕бр╣Др╕Вр╕Цр╕▒р╣Ир╕зр╣Ар╕лр╕ер╕╖р╕нр╕З #р╕бр╕В #kku #р╕Вр╕нр╕Щр╣Бр╕Бр╣Ир╕Щ",0,10
9,2923198427460236233_48432526193,2022-09-09 03:00:29+00:00,skinnie.iceshop,"р╣Вр╕Ыр╕г 9.9 р╕бр╕▓р╕ер╣Йр╕▓р╕зр╕зр╕зЁЯОЙЁЯОЙ
р╣Вр╕Ыр╕гр╕Щр╕╡р╣Йр╕бр╕╡р╕вр╕▓р╕зр╣Ж р╕Хр╕▒р╣Йр╕Зр╣Бр╕Хр╣И9-19 р╕Бр╕▒р╕Щр╕вр╕▓р╕вр╕Щ 2565 р╕Кр╣Йр╕нр╕Ыр╣Др╕Фр╣Йр╕Хр╕ер╕нр╕Фр╕Ф

тАв р╕кр╕Ър╕╣р╣И&р╕кр╕Др╕гр╕▒р╕Ъ
тАв р╕Ьр╕┤р╕зр╕Бр╕гр╕░р╕Ир╣Ир╕▓р╕Зр╣Гр╕к
тАв р╕ер╕Фр╕гр╕нр╕вр╕вр╕╕р╕Зр╕Бр╕▒р╕Ф
тАв р╕ер╕Фр╕гр╕нр╕вр╕Щр╣Йр╕│р╣Ар╕лр╕ер╕╖р╕нр╕З
 
ЁЯТер╕кр╕нр╕Ър╕Цр╕▓р╕б/р╕кр╕▒р╣Ир╕Зр╕Лр╕╖р╣Йр╕н @726iisnu р╕лр╕гр╕╖р╕нр╕Др╕ер╕┤р╣Кр╕Бр╕ер╕┤р╕Зр╕Бр╣Мр╕лр╕Щр╣Йр╕▓р╣Вр╕Ыр╕гр╣Др╕Яр╕ер╣Мр╣Др╕Фр╣Йр╣Ар╕ер╕вр╕в

#р╕кр╕Ър╕╣р╣Ир╕Др╕▒р╕Яр╕Яр╕╡р╣И #р╕кр╕Ър╕╣р╣Ир╕Др╕▒р╕Яр╕Яр╕╡р╣Ир╣Др╕зр╣Йр╣Гр╕Ир╕бр╕┤р╣Йр╕Щ #р╕Др╕▒р╕Яр╕Яр╕╡р╣И #р╕Др╕▒р╕Яр╕Яр╕╡р╣Ир╣Вр╕Лр╕Ю #р╕кр╕Ър╕╣р╣Ир╕кр╕Др╕гр╕▒р╕Ъ #cuffy #cuffysoap #cuffysaopandscrub #р╣Др╕ер╕Др╣Мр╕бр╕▓р╣Др╕ер╕Др╣Мр╕Бр╕▒р╕Ъ #р╣Др╕ер╕Др╣Мр╕бр╕▓р╣Др╕ер╕Др╣Мр╕Бр╕ер╕▒р╕Ър╕Чр╕╕р╕Бр╕Др╕Щр╣Др╕бр╣Ир╣Вр╕Бр╕З #р╣Др╕ер╕Др╣Мр╕бр╕▓р╣Др╕ер╕Др╣Мр╕Бр╕ер╕▒р╕Ър╣Др╕бр╣Ир╣Вр╕Бр╕ЗЁЯШЭ #р╕Яр╕нр╕ер╕бр╕▓р╕Яр╕нр╕ер╕Бр╕ер╕▒р╕Ър╕Чр╕╕р╕Бр╕Др╕Щ #р╕Яр╕нр╕ер╕бр╕▓р╕Яр╕нр╕ер╕Бр╕ер╕▒р╕Ър╕Ъ #р╣Бр╕бр╣Ир╕Др╣Йр╕▓р╕нр╕нр╕Щр╣Др╕ер╕Щр╣М #р╕Вр╕нр╕Щр╣Бр╕Бр╣Ир╕Щ #р╕Вр╕нр╕Щр╣Бр╕Бр╣Ир╕Щр╕Щр╕▒р╕Фр╕гр╕▒р╕Ъ #р╕бр╕В #р╕Щр╕▒р╕Фр╕гр╕▒р╕Ър╕бр╕В",9,36
10,2923129003969595366_8602404939,2022-09-09 00:42:33+00:00,aek_eeggegg,"р╕нр╕нр╕Бр╕бр╕▓р╕Чр╕│р╕Зр╕▓р╕Щр╕Ър╣Йр╕▓р╕ЗтАж 

 р╣Ар╕Фр╕╡р╣Лр╕вр╕зр╕ер╕╕р╕Зр╕Ыр╣Йр╕▓р╕Вр╣Йр╕▓р╕Зр╕Ър╣Йр╕▓р╕Щр╕кр╕Зр╕кр╕▒р╕вр╣Ар╕вр╕нр╕░ р╣Бр╕ор╕гр╣И!! ЁЯШЩ 

р╕Чр╕╕р╕Бр╣Ж р╕кр╕┤р╣Ир╕Зр╕бр╕▒р╕Щр╣Ар╕Др╕вр╣Ар╕Ыр╣Зр╕Щр╣Ар╕гр╕╖р╣Ир╕нр╕Зр╕вр╕▓р╕Бр╕бр╕▓р╕Бр╣Ир╕нр╕Щр╕Чр╕╡р╣Ир╕бр╕▒р╕Щр╕Ир╕░р╣Ар╕Ыр╣Зр╕Щр╣Ар╕гр╕╖р╣Ир╕нр╕Зр╕Зр╣Ир╕▓р╕в 

#р╕ер╕Фр╕Щр╕│р╣Йр╕лр╕Щр╕▒р╕Б #7daychallenge #р╕Бр╣Зр╣Ар╕Кр╣Ир╕Щр╕Бр╕▒р╕Щ
.
.
.
.
#р╕ер╕╕р╕вр╣Ар╕ер╕в #р╕гр╕▓р╕вр╣Др╕Фр╣Йр╣Ар╕кр╕гр╕┤р╕б #р╕гр╕▓р╕вр╣Др╕Фр╣Йр╣Ар╕кр╕гр╕┤р╕бр╕гр╕░р╕лр╕зр╣Ир╕▓р╕Зр╣Ар╕гр╕╡р╕вр╕Щ #р╕Др╕Щр╣Др╕Чр╕вр╣Гр╕Щр╕нр╣Ар╕бр╕гр╕┤р╕Бр╕▓ #р╕Др╕Щр╣Др╕Чр╕вр╣Гр╕Щр╕Хр╣Ир╕▓р╕Зр╣Бр╕Фр╕Щ #р╕Др╕Щр╣Др╕Чр╕вр╣Гр╕Щр╕вр╕╕р╣Вр╕гр╕Ы #р╕кр╕гр╣Йр╕▓р╕Зр╕Хр╕▒р╕з #р╕нр╕нр╕Щр╣Др╕ер╕Щр╣М #р╕гр╕▓р╕вр╣Др╕Фр╣Йр╣Ар╕кр╕гр╕┤р╕бр╕гр╕░р╕лр╕зр╣Ир╕▓р╕Зр╣Ар╕гр╕╡р╕вр╕Щ #р╕гр╕▓р╕вр╣Др╕Фр╣Йр╣Ар╕кр╕гр╕┤р╕б #р╕Чр╕│р╕Зр╕▓р╕Щр╕Чр╕╡р╣Ир╕Ър╣Йр╕▓р╕Щ #р╕Юр╕▒р╕Тр╕Щр╕▓р╕Хр╕▒р╕зр╣Ар╕нр╕З #р╕Др╕│р╕Др╕б #р╣Бр╕Щр╕зр╕Др╕┤р╕Ф #р╕Др╕┤р╕Фр╕Ър╕зр╕Б #р╕бр╕лр╕┤р╕Фр╕е #р╣Ар╕Бр╕йр╕Хр╕гр╕ир╕▓р╕кр╕Хр╕гр╣М #р╕Шр╕гр╕гр╕бр╕ир╕▓р╕кр╕Хр╕гр╣М #р╕Ир╕╕р╕мр╕▓р╕ер╕Зр╕Бр╕гр╕Ур╣Мр╕бр╕лр╕▓р╕зр╕┤р╕Чр╕вр╕▓р╕ер╕▒р╕в #р╕Юр╕гр╕░р╕Ир╕нр╕бр╣Ар╕Бр╕ер╣Йр╕▓р╕ер╕▓р╕Фр╕Бр╕гр╕░р╕Ър╕▒р╕З #р╕бр╕В #р╕бр╕К #р╕бр╕н #р╕лр╕▓р╕Фр╣Гр╕лр╕Нр╣И #р╕ир╕▓р╕ер╕▓р╕вр╕▓ #р╣Ар╕Чр╕гр╕Щр╕нр╕нр╕Щр╣Др╕ер╕Щр╣М",2,24
11,2922766370425612887_1386493102,2022-09-08 12:42:04+00:00,comeonoptic,р╕Вр╕нр╕Ър╕Юр╕гр╕░р╕Др╕╕р╕Ур╕Щр╣Йр╕нр╕Зр╕Бр╕┤р╣Кр╕Я р╣Бр╕ер╕░р╣Ар╕Юр╕╖р╣Ир╕нр╕Щр╣Жр╕Щр╕░р╕Зр╕▒р╕Ъ #р╕Хр╕▒р╕Фр╣Бр╕зр╣Ир╕Щ #р╕бр╕В #р╕гр╕╡р╕зр╕┤р╕зр╕бр╕В #р╕гр╕╡р╕зр╕┤р╕зр╕Вр╕нр╕Щр╣Бр╕Бр╣Ир╕Щ #р╣Бр╕зр╣Ир╕Щр╕кр╕▓р╕вр╕Хр╕▓ #р╣Бр╕зр╣Ир╕Щр╕Хр╕▓,0,16
12,2922745296087531860_16429863520,2022-09-08 12:00:12+00:00,trongjaitutor,"ЁЯУМ р╕кр╕гр╕╕р╕Ыр╕Кр╕╡р╕зр╕зр╕┤р╕Чр╕вр╕▓ р╕б.р╕Ыр╕ер╕▓р╕в Part 2 - р╣Ар╕Хр╕гр╕╡р╕вр╕бр╕кр╕нр╕Ър╕Ыр╕ер╕▓р╕вр╕ар╕▓р╕Д & A-level TCAS66
----------------------------
ЁЯзСтАНЁЯОУ р╕Др╕нр╕гр╣Мр╕кр╕Хр╕┤р╕зр╕кр╕нр╕Ър╣Ар╕Вр╣Йр╕▓р╕бр╕лр╕▓р╕зр╕┤р╕Чр╕вр╕▓р╕ер╕▒р╕в TCAS66-68
ЁЯУЭ A-Level, TGAT, TPAT, NETSAT р╕гр╕нр╕Ъ 1/66
ЁЯз░ р╣Вр╕Др╣Йр╕Зр╕кр╕╕р╕Фр╕Чр╣Йр╕▓р╕в р╕б.4-6 р╕Ыр╕┤р╕Фр╣Ар╕Чр╕нр╕б 1-31 р╕Хр╕╕р╕ер╕▓ 65 @р╕Хр╕┤р╕Фр╕гр╕▒р╣Йр╕з р╕б.р╕Вр╕нр╕Щр╣Бр╕Бр╣Ир╕Щ
1я╕ПтГг р╕Хр╕┤р╕зр╕лр╣Йр╕нр╕Зр╕Вр╕Щр╕▓р╕Фр╣Ар╕ер╣Зр╕Б 8-15 р╕Др╕Щ р╕Цр╕▓р╕бр╣Др╕Фр╣Йр╕Чр╕▒р╕Щр╕Чр╕╡ р╕кр╕нр╕Ър╣Др╕бр╣Ир╕Хр╕┤р╕Фр╕Др╕╖р╕Щр╣Ар╕Зр╕┤р╕Щ 100% 
2я╕ПтГг р╕Ыр╕╣р╕Юр╕╖р╣Йр╕Щр╕Рр╕▓р╕Щ, р╕Чр╕Ър╕Чр╕зр╕Щр╣Ар╕Щр╕╖р╣Йр╕нр╕лр╕▓ р╕б.4-6 р╣Гр╕лр╕бр╣Ир╕Чр╕▒р╣Йр╕Зр╕лр╕бр╕Ф 
3я╕ПтГг р╕Хр╕░р╕ер╕╕р╕вр╕Вр╣Йр╕нр╕кр╕нр╕Ъ TGAT, TPAT1(р╕Бр╕кр╕Юр╕Ч.),TPAT3,TPAT5,A-Level,Netsat
4я╕ПтГг р╣Ар╕ер╕╖р╕нр╕Бр╕Др╕нр╕гр╣Мр╕кр╣Ар╕гр╕╡р╕вр╕Щр╣Др╕Фр╣Й р╕кр╕▓р╕вр╣Бр╕Юр╕Чр╕вр╣М р╕кр╕▓р╕вр╕зр╕┤р╕Чр╕вр╣М р╕кр╕▓р╕вр╕ир╕┤р╕ер╕Ыр╣М
5я╕ПтГг р╕кр╕нр╕Щр╣Вр╕Фр╕в р╕Юр╕╡р╣И р╣Ж р╕Хр╕┤р╕зр╣Ар╕Хр╕нр╕гр╣М р╕Ы.р╕Хр╕гр╕╡-р╣Вр╕Ч-р╣Ар╕нр╕Б р╕Хр╕▓р╕бр╕кр╕▓р╕Вр╕▓р╕зр╕┤р╕Кр╕▓ р╕Ир╕▓р╕Б р╕б.р╕Вр╕нр╕Щр╣Бр╕Бр╣Ир╕Щ р╕Бр╕зр╣Ир╕▓ 26 р╕Чр╣Ир╕▓р╕Щ 
6я╕ПтГг р╕Юр╕гр╣Йр╕нр╕бр╣Бр╕Щр╕░р╣Бр╕Щр╕зр╕Бр╕▓р╕гр╣Ар╕Хр╕гр╕╡р╕вр╕бр╕Хр╕▒р╕зр╕кр╕нр╕Ър╣Ар╕Вр╣Йр╕▓р╣Ар╕гр╕╡р╕вр╕Щр╕Хр╣Ир╕нр╣Гр╕Щр╕гр╕░р╕Фр╕▒р╕Ър╕бр╕лр╕▓р╕зр╕┤р╕Чр╕вр╕▓р╕ер╕▒р╕вр╣Гр╕лр╣Йр╕Бр╕▒р╕Ър╕Щр╣Йр╕нр╕З р╣Ж р╕гр╕▓р╕вр╕Ър╕╕р╕Др╕Др╕е р╕Щр╣Йр╕нр╕З р╣Ж р╕Ир╕░р╣Др╕Фр╣Йр╣Ар╕ер╕╖р╕нр╕Бр╣Ар╕гр╕╡р╕вр╕Щр╣Гр╕Щр╕Др╕Ур╕░ р╕кр╕▓р╕Вр╕▓ р╕Чр╕╡р╣Ир╣Гр╕Кр╣Ир╕кр╕│р╕лр╕гр╕▒р╕Ър╕Хр╕▒р╕зр╣Ар╕нр╕Зр╕бр╕▓р╕Бр╕Чр╕╡р╣Ир╕кр╕╕р╕Ф р╕гр╕зр╕бр╣Др╕Ыр╕Цр╕╢р╕Зр╕кр╕нр╕Щр╕Чр╕│ Port р╣Бр╕ер╕░р╣Ар╕Бр╕Ур╕Ср╣М TCAS р╕Чр╕╕р╕Бр╕гр╕нр╕Ъ 
7я╕ПтГг р╣Ар╕ер╕╖р╕нр╕Бр╣Вр╕Ыр╕гр╣Бр╕Бр╕гр╕бр╕Др╕нр╕гр╣Мр╕кр╣Ар╕гр╕╡р╕вр╕Щр╣Др╕Фр╣Йр╕Чр╕▒р╣Йр╕З р╣Бр╕Ър╕Ъ On-site р╣Бр╕ер╕░ Online 
тЮбя╕П Program1 - On-site р╕Ыр╕┤р╕Фр╣Ар╕Чр╕нр╕бр╕гр╕нр╕Ъ 1-31 р╕Х.р╕Д. 65 
тЮбя╕П Program2 - Online р╕Ыр╕┤р╕Фр╣Ар╕Чр╕нр╕бр╕гр╕нр╕Ъ 1-31 р╕Х.р╕Д. 65 
тЮбя╕П Program3.1 -  р╕Ыр╕┤р╕Фр╣Ар╕Чр╕нр╕б 1-31 р╕Х.р╕Д. 65 + р╣Ар╕Чр╕нр╕б2 р╕Ыр╕╡ 65 - 10 р╕бр╕╡.р╕Д. 66 
*я╕ПтГг р╕Ыр╕┤р╕Фр╣Ар╕Чр╕нр╕бр╣Ар╕гр╕╡р╕вр╕Щ 4.5-6 р╕Кр╕б./р╕зр╕▒р╕Щ р╣Ар╕зр╕ер╕▓р╕зр╣Ир╕▓р╕Зр╕Юр╕▒р╕Бр╕Ьр╣Ир╕нр╕Щр╣Др╕Фр╣Йр╕Хр╕▓р╕бр╕кр╕░р╕Фр╕зр╕Б
*я╕ПтГг р╣Ар╕Ыр╕┤р╕Фр╣Ар╕Чр╕нр╕бр╣Ар╕гр╕╡р╕вр╕Щ 1.5-2 р╕Кр╕б./р╕зр╕▒р╕Щ 
*я╕ПтГг р╣Ар╕ер╕╖р╕нр╕Бр╕Ир╕нр╕Зр╕лр╣Йр╕нр╕Зр╕Юр╕▒р╕Б ЁЯПй р╕Ьр╣Ир╕▓р╕Щр╕кр╕Цр╕▓р╕Ър╕▒р╕Щр╣Др╕Фр╣Й р╣Ар╕ер╕╖р╕нр╕Бр╕лр╕нр╕Юр╕▒р╕Бр╕Хр╕▓р╕бр╕Др╕┤р╕зр╣Вр╕нр╕Щр╕Ир╕нр╕З
*я╕ПтГг р╕бр╕╡р╕гр╕Цр╕Хр╕╣р╣Й ЁЯЪР р╕кр╕Цр╕▓р╕Ър╕▒р╕Щр╕гр╕▒р╕Ър╕кр╣Ир╕Зр╕Яр╕гр╕╡ р╕Чр╕╕р╕Бр╕Др╕▓р╕Ър╣Ар╕гр╕╡р╕вр╕Щ р╕Чр╕╕р╕Бр╕лр╕нр╕Юр╕▒р╕Бр╣Вр╕Лр╕Щр╕лр╕ер╕▒р╕З р╕б.р╕Вр╕нр╕Щр╣Бр╕Бр╣Ир╕Щ
*я╕ПтГг р╕Юр╕гр╣Йр╕нр╕бр╕Бр╕┤р╕Ир╕Бр╕гр╕гр╕бр╕Бр╕╡р╕мр╕▓р╕кр╕╡ тЫ╣я╕ПтАНтЩАя╕П р╕Чр╕▒р╕зр╕гр╣М р╕б.р╕Вр╕нр╕Щр╣Бр╕Бр╣Ир╕Щ р╣Бр╕ер╕░р╣Ар╕ер╕╡р╣Йр╕вр╕Зр╕Ыр╕┤р╕Фр╕Др╕нр╕гр╣Мр╕к
*я╕ПтГг р╕Бр╕▓р╕гр╕▒р╕Щр╕Хр╕╡р╕Хр╕ер╕нр╕Ф 12 р╕Ыр╕╡р╕Чр╕╡р╣Ир╕Ьр╣Ир╕▓р╕Щр╕бр╕▓ ЁЯПЖ р╕Юр╕гр╣Йр╕нр╕бр╕гр╕╡р╕зр╕┤р╕зр╕Щр╣Йр╕нр╕З р╣Ж р╕Чр╕╡р╣Ир╣Ар╕Др╕вр╕бр╕▓р╣Ар╕гр╕╡р╕вр╕Щ
*я╕ПтГг р╕гр╕╡р╕зр╕┤р╕з https://www.facebook.com/TrongJaiKKU/reviews
*я╕ПтГг р╕кр╕Цр╕▓р╕Ър╕▒р╕Щр╕Хр╕▒р╣Йр╕Зр╕нр╕вр╕╣р╣Ир╕Чр╣Ир╕▓р╕бр╕Бр╕ер╕▓р╕Зр╕Др╕зр╕▓р╕бр╣Ар╕Ир╕гр╕┤р╕Н р╕Хр╕┤р╕Фр╕гр╕▒р╣Йр╕з р╕б.р╕Вр╕нр╕Щр╣Бр╕Бр╣Ир╕Щ р╕Эр╕▒р╣Ир╕Зр╕лр╕ер╕▒р╕Зр╕бр╕н 
*я╕ПтГг р╣Бр╕Ьр╕Щр╕Чр╕╡р╣И https://g.page/Trongjai?share
*я╕ПтГг #р╕бр╕В #р╕бр╕бр╕к #р╕бр╕К #р╕бр╕Чр╕к #р╕бр╕н #NETSAT #TCAS66 #TCAS67 #TCAS68 #TGAT #TPAT
**************
р╕кр╕нр╕Ър╕Цр╕▓р╕бр╣Ар╕Юр╕┤р╣Ир╕бр╣Ар╕Хр╕┤р╕бр╣Др╕Фр╣Йр╕Фр╕▒р╕Зр╕Щр╕╡р╣Йр╕Др╕гр╕▒р╕Ър╕Ьр╕б
**************
1я╕ПтГг р╕кр╕нр╕Ър╕Цр╕▓р╕бр╕Др╣Ир╕▓р╣Ар╕гр╕╡р╕вр╕Щр╕Ьр╣Ир╕▓р╕Щр╕гр╕░р╕Ър╕Ър╕нр╕▒р╕Хр╣Вр╕Щр╕бр╕▒р╕Хр╕┤ 24 hr. : https://lin.ee/ZrJS7Yw 
2я╕ПтГг р╕Хр╕┤р╕Фр╕Хр╣Ир╕нр╣Бр╕нр╕Фр╕бр╕┤р╕Щр╕Ьр╣Ир╕▓р╕Щр╣Бр╕Кр╕Чр╣Ар╕Юр╕Ир╕кр╕Цр╕▓р╕Ър╕▒р╕Щ : m.me/TrongJaiKKU
3я╕ПтГг р╕Хр╕┤р╕Фр╕Хр╣Ир╕нр╣Бр╕нр╕Фр╕бр╕┤р╕Щр╕Ьр╣Ир╕▓р╕Щ Line р╕кр╕Цр╕▓р╕Ър╕▒р╕Щ : https://lin.ee/EOzOhJ74
4я╕ПтГг р╕Хр╕┤р╕Фр╕Хр╣Ир╕нр╣Бр╕нр╕Фр╕бр╕┤р╕Щр╕Ьр╣Ир╕▓р╕Щ ig : @trongjaitutor 
5я╕ПтГг р╣Ар╕Ър╕нр╕гр╣Мр╣Вр╕Чр╕г : 043-001508, 085-4591504 (р╕Юр╕╡р╣Ир╕Щр╕Щр╕Чр╣М),
095-6642502 (р╕Юр╕╡р╣Ир╕Щр╣Йр╕нр╕в) р╕лр╕гр╕╖р╕н 064-0588983 (р╕Юр╕╡р╣Ир╕нр╕╕р╣Йр╕б)",0,66
13,2922672230607202272_1073595991,2022-09-08 09:35:01+00:00,takeabake_kku,"ЁЯе│р╣Ар╕Ыр╕┤р╕Фр╕гр╕▒р╕Ъ order р╕гр╕нр╕Ъ 2 р╣Бр╕ер╣Йр╕зр╕Др╣Ир╕▓р╕▓ЁЯОЙ р╕Хр╕▒р╣Йр╕Зр╣Бр╕Хр╣Ир╕зр╕▒р╕Щр╕Щр╕╡р╣Й 06/09/65 - 10/09/65 ЁЯШЛ
тЬЕ р╕Юр╕гр╣Йр╕нр╕бр╕Ир╕▒р╕Фр╕кр╣Ир╕Зр╕зр╕▒р╕Щр╕Чр╕╡р╣И 12/09/65
ЁЯНлBrownies р╕Цр╕╕р╕Зр╕ер╕░ 15 р╕Ър╕▓р╕Ч 
р╕бр╕╡р╣Гр╕лр╣Йр╣Ар╕ер╕╖р╕нр╕Б 4 р╕гр╕кр╕Кр╕▓р╕Хр╕┤ : р╕нр╕нр╕гр╕┤р╕Ир╕┤р╕Щр╕нр╕е р╕нр╕▒р╕ер╕бр╕нр╕Щр╕Фр╣М р╣Вр╕нр╕гр╕┤р╣Вр╕нр╣Й р╕бр╕▓р╕Кр╣Ар╕бр╕ер╣Вр╕ер╣И
ЁЯНлBrownies р╕Бр╕ер╣Ир╕нр╕Зр╕ер╕░ 39 р╕Ър╕▓р╕Ч (р╕Др╕ер╕░4р╕гр╕кр╕Кр╕▓р╕Хр╕┤)
ЁЯШДр╕ер╕╣р╕Бр╕Др╣Йр╕▓р╕Чр╣Ир╕▓р╕Щр╣Гр╕Фр╕нр╕вр╕▓р╕Бр╕Чр╕▓р╕Щр╕Вр╕Щр╕бр╕нр╕гр╣Ир╕нр╕вр╣Ж р╕Чр╕│р╕кр╕Фр╣Гр╕лр╕бр╣И р╣Гр╕Кр╣Йр╕зр╕▒р╕Хр╕Цр╕╕р╕Фр╕┤р╕Ър╕бр╕╡р╕Др╕╕р╕Ур╕ар╕▓р╕Ю р╕кр╕▓р╕бр╕▓р╕гр╕Цр╕кр╕▒р╣Ир╕Зр╕Лр╕╖р╣Йр╕нр╕Ьр╣Ир╕▓р╕Щр╕Кр╣Ир╕нр╕Зр╕Чр╕▓р╕З direct message р╣Др╕Фр╣Йр╣Ар╕ер╕вр╕Щр╕░р╕Др╕░ ЁЯЩПЁЯШК
ЁЯУжр╕Др╣Ир╕▓р╕кр╣Ир╕Зр╕Хр╣Ир╕▓р╕Зр╕Ир╕▒р╕Зр╕лр╕зр╕▒р╕Фр╣Ар╕лр╕бр╕▓ 50 р╕Ър╕▓р╕Ч
ЁЯУжр╕Щр╕▒р╕Фр╕гр╕▒р╕Ър╣Гр╕Щр╕бр╕В. р╕кр╣Ир╕Зр╕Яр╕гр╕╡р╣Ар╕бр╕╖р╣Ир╕нр╕Лр╕╖р╣Йр╕н100р╕Ър╕▓р╕Чр╕Вр╕╢р╣Йр╕Щр╣Др╕Ы 
_____________
#brownies #brookies #р╕бр╕В #р╕Ър╕гр╕▓р╕зр╕Щр╕╡р╣И #р╕Ър╕гр╕╣р╕Др╕Бр╕╡р╣Й #р╕Вр╕Щр╕б #р╕Вр╕нр╕Зр╕лр╕зр╕▓р╕Щ",0,8
14,2922649604484260611_54194805316,2022-09-08 08:50:04+00:00,bunkie_bakery,"тЬиЁЯНкр╕Др╕╕р╕Бр╕Бр╕╡р╣Йр╕Шр╕▒р╕Нр╕Юр╕╖р╕КЁЯНктЬи
р╕нр╕гр╣Ир╕нр╕вр╕Шр╕▒р╕Нр╕Юр╕╖р╕Кр╣Ар╕Хр╣Зр╕бр╕Др╣Ир╕│ ЁЯШЛ
р╕нр╕гр╣Ир╕нр╕вр╕Чр╕╕р╕Бр╕Кр╕┤р╣Йр╕Щ р╕Кр╕┤р╣Йр╕Щр╣Ар╕Фр╕╡р╕вр╕зр╣Др╕бр╣Ир╣Ар╕Др╕вр╕Юр╕нЁЯе░тЬитЬи

р╕бр╕╡р╣Гр╕лр╣Йр╣Ар╕ер╕╖р╕нр╕Б 2 р╕гр╕кр╕Кр╕▓р╕Хр╕┤
-Original 
-Chocolate 

ЁЯЪЧЁЯЪЧ р╕Ир╕▒р╕Фр╕кр╣Ир╕Зр╕Чр╕▒р╣Ир╕зр╣Др╕Чр╕в р╕Др╣Ир╕▓р╕кр╣Ир╕Зр╣Ар╕гр╕┤р╣Ир╕бр╕Хр╣Йр╕Щр╕Чр╕╡р╣И 40 р╕Ър╕▓р╕Ч

тА╝я╕Пр╕Кр╕┤р╣Йр╕Щр╕ер╕░ 20 р╕Ър╕▓р╕ЧтЬи
р╕кр╕▓р╕бр╕▓р╕гр╕Цр╕кр╕нр╕Ър╕Цр╕▓р╕б/р╕кр╕▒р╣Ир╕Зр╕Лр╕╖р╣Йр╕нр╣Др╕Фр╣Йр╕Чр╕▓р╕З DMЁЯТЩЁЯдН
#р╕Др╕╕р╕Бр╕Бр╕╡р╣Й #р╕Др╕╕р╕Бр╕Бр╕╡р╣Йр╕Шр╕▒р╕Нр╕Юр╕╖р╕К #р╕Др╕╕р╕Бр╕Бр╕╡р╣Йр╕Вр╕нр╕Щр╣Бр╕Бр╣Ир╕Щ #р╕Др╕╕р╕Бр╕Бр╕╡р╣Йр╕Шр╕▒р╕Нр╕Юр╕╖р╕Кр╕Вр╕нр╕Щр╣Бр╕Бр╣Ир╕Щ #р╕Щр╕▒р╕Фр╕гр╕▒р╕Ър╕бр╕В #р╕бр╕В #kku",0,9
15,2922602576898519626_5889417321,2022-09-08 07:16:38+00:00,issara.studio,"ЁЯОБЁЯОИ- paper size A5
р╕Вр╕нр╕Зр╕Вр╕зр╕▒р╕Нр╕кр╕╕р╕Фр╕Юр╕┤р╣Ар╕ир╕й р╕кр╕│р╕лр╕гр╕▒р╕Ър╕Ър╕╕р╕Др╕Др╕ер╕кр╕│р╕Др╕▒р╕Н р╕гр╕▓р╕Др╕▓р╣Ар╕Юр╕╡р╕вр╕З 300р╕┐ р╕Бр╕Фр╕ер╕┤р╣Йр╕Зр╕бр╕▓р╕кр╕нр╕Ър╕Цр╕▓р╕бр╕гр╕▓р╕вр╕ер╕░р╣Ар╕нр╕╡р╕вр╕Фр╣Др╕Фр╣Йр╣Ар╕ер╕вр╕вр╕в!! #line#color #colorsЁЯОи #art #artist #artwork #thailand #р╕гр╕▒р╕Ър╕зр╕▓р╕Фр╕гр╕╣р╕Ыр╣Ар╕лр╕бр╕╖р╕нр╕Щ #р╕гр╕▒р╕Ър╕зр╕▓р╕Фр╕гр╕╣р╕Ыр╕кр╕╡р╕Щр╣Йр╕│ #р╕гр╕▒р╕Ър╕зр╕▓р╕Фр╕ар╕▓р╕Ю #р╕гр╕▒р╕Ър╕зр╕▓р╕Фр╕ар╕▓р╕Юр╕Др╕Щр╣Ар╕лр╕бр╕╖р╕нр╕Щ #р╕ир╕┤р╕ер╕Ыр╕░ #gift #giftshop#artgallery#р╕гр╕▒р╕Ър╕зр╕▓р╕Фр╕гр╕╣р╕Ы #р╕гр╕▒р╕Ър╕зр╕▓р╕Фр╕гр╕╣р╕Ыр╕кр╕╡р╕Щр╣Йр╕│#р╕Вр╕нр╕Зр╕Вр╕зр╕▒р╕Нр╕гр╕▒р╕Ър╕Ыр╕гр╕┤р╕Нр╕Нр╕▓ #р╕Вр╕нр╕Зр╕Вр╕зр╕▒р╕Н #р╕Вр╕нр╕Зр╕Вр╕зр╕▒р╕Нр╕зр╕▒р╕Щр╣Бр╕Хр╣Ир╕Зр╕Зр╕▓р╕Щ #р╕Вр╕нр╕Зр╕Вр╕зр╕▒р╕Нр╕зр╕▒р╕Щр╣Ар╕Бр╕┤р╕Ф #р╕Вр╕нр╕Зр╕Вр╕зр╕▒р╕Нр╕зр╕▒р╕Щр╣Ар╕Бр╕┤р╕Фр╣Бр╕Яр╕Щ #р╕Вр╕нр╕Зр╕Вр╕зр╕▒р╕Нр╕зр╕▒р╕Щр╣Ар╕Бр╕┤р╕Фр╣Ар╕Юр╕╖р╣Ир╕нр╕Щ #р╕зр╕▓р╕Фр╕ар╕▓р╕Юр╕гр╕▓р╕Др╕▓р╕Цр╕╣р╕Б #р╕Вр╕нр╕Зр╕Вр╕зр╕▒р╕Нр╕зр╕▒р╕Щр╕Др╕гр╕Ър╕гр╕нр╕Ъ #р╕Вр╕нр╕Зр╕Вр╕зр╕▒р╕Нр╕зр╕▒р╕Щр╣Бр╕Хр╣Ир╕Зр╕Зр╕▓р╕Щ #р╕Чр╕╡р╕бр╕бр╕ир╕з #paintings #р╕Вр╕нр╕Зр╕Вр╕зр╕▒р╕Нр╕гр╕▒р╕Ър╕Ыр╕гр╕┤р╕Нр╕Нр╕▓ #р╕бр╕В #р╕Вр╕нр╕Зр╕Вр╕зр╕▒р╕Нр╕Др╕Щр╕Юр╕┤р╣Ар╕ир╕й #portrait",2,10
16,2922570790446868362_30350382665,2022-09-08 06:13:29+00:00,meetangmhai_,"UliteтЭдя╕ПтАНЁЯФетЬи р╕гр╣Йр╕▓р╕Щр╕нр╕нр╕Бр╣Ар╕Зр╕┤р╕Щр╕Фр╕▓р╕зр╕Щр╣Мр╣Гр╕лр╣Й100% р╕Щр╕и.р╕гр╣Йр╕нр╕Щр╣Ар╕Зр╕┤р╕Щр╕Чр╕▒р╕Бр╕бр╕▓р╣Ар╕ер╕вр╕Др╣Ир╕░ ЁЯР░ЁЯПб

#reviewmeetangmhai 
#р╣Бр╕ер╕Бр╕зр╕Зр╣Ар╕Зр╕┤р╕Щthisshop #ufund #р╕Бр╕╣р╣Йр╣Ар╕Зр╕┤р╕Щ #р╣Ар╕Зр╕┤р╕Щр╕Бр╕╣р╣Йр╕Щр╕▒р╕Бр╕ир╕╢р╕Бр╕йр╕▓ #р╕Бр╕╣р╣Йр╣Ар╕Зр╕┤р╕Щр╕Щр╕▒р╕Бр╕ир╕╢р╕Бр╕йр╕▓ #р╕бр╕В #р╕гр╕▒р╕Ър╕Чр╣Нр╕▓р╕Бр╕▓р╕гр╕Ър╣Йр╕▓р╕Щр╕бр╕лр╕▓р╕ер╕▒р╕в #р╕Ыр╕ер╣Ир╕нр╕вр╕Бр╕╣р╣Йр╕Вр╕нр╕Щр╣Бр╕Бр╣Ир╕Щ #pim #р╕кр╕┤р╕Зр╕лр╣Мр╕Ър╕╕р╕гр╕╡р╕гр╕▒р╕Ър╕Зр╕▓р╕Щ #ttbр╕ер╣Ир╕б #р╕Юр╕гр╕░р╕Щр╕Др╕г #р╕гр╕▓р╕Кр╕ар╕▒р╕Пр╕Юр╕гр╕░р╕Щр╕Др╕г #р╕Ыр╕▒р╕Нр╕Нр╕▓р╕ар╕┤р╕зр╕▒р╕Тр╕Щр╣М",0,4
17,2922535801013077081_3267444034,2022-09-08 05:03:58+00:00,theact_kk,"тЪбя╕П 9.9 LUCKY DAY тЪбя╕П
ЁЯФеЁЯФе р╕кр╣Ир╕зр╕Щр╕ер╕Фр╕кр╕╣р╕Зр╕кр╕╕р╕Ф 30% | р╕ер╕Фр╕Ир╕▒р╕Фр╣Ар╕Хр╣Зр╕б ЁЯФеЁЯФе 

ЁЯТе р╕Цр╕╢р╕Зр╕зр╕▒р╕Щр╕Чр╕╡р╣И 9 р╕Бр╕▒р╕Щр╕вр╕▓р╕вр╕Щ 65 р╣Ар╕Чр╣Ир╕▓р╕Щр╕▒р╣Йр╕Щ!!

ЁЯУЦ р╕лр╕Щр╕▒р╕Зр╕кр╕╖р╕нр╣Ар╕Хр╕гр╕╡р╕вр╕бр╕кр╕нр╕Ър╣Вр╕Др╕зр╕Хр╕▓ р╕бр╕В. x TCAS
#р╣Ар╕Хр╕гр╕╡р╕вр╕бр╕кр╕нр╕ЪTCAS #р╕лр╕Щр╕▒р╕Зр╕кр╕╖р╕нр╣Ар╕Хр╕гр╕╡р╕вр╕бр╕кр╕нр╕Ъ #р╕лр╕Щр╕▒р╕Зр╕кр╕╖р╕нNETSAT

ЁЯЫТ р╕Чр╕╕р╕Бр╕Кр╣Ир╕нр╕Зр╕Чр╕▓р╕Зр╕Бр╕▓р╕гр╕кр╕▒р╣Ир╕Зр╕Лр╕╖р╣Йр╕н | by The Act.
ЁЯЯа р╕кр╕▒р╣Ир╕Зр╕Лр╕╖р╣Йр╕н Shopee (р╕бр╕╡р╣Ар╕Бр╣Зр╕Ър╣Ар╕Зр╕┤р╕Щр╕Ыр╕ер╕▓р╕вр╕Чр╕▓р╕З)
ЁЯСЙ https://shp.ee/pr9rd5t
.
ЁЯФ╡ р╕кр╕▒р╣Ир╕Зр╕Лр╕╖р╣Йр╕н Lazada (р╕бр╕╡р╣Ар╕Бр╣Зр╕Ър╣Ар╕Зр╕┤р╕Щр╕Ыр╕ер╕▓р╕вр╕Чр╕▓р╕З)
ЁЯСЙ https://bit.ly/37em5Ef
.
ЁЯЯв р╕кр╕▒р╣Ир╕Зр╕Лр╕╖р╣Йр╕н LINE Shop | theactkk
ЁЯСЙ https://shop.line.me/theactkk

-----------------------------
#р╕лр╕Щр╕▒р╕Зр╕кр╕╖р╕нр╣Бр╕Щр╕░р╕Щр╕│

ЁЯУЦ р╣Ар╕Бр╣Зр╕Зр╣Бр╕Щр╕зр╕Вр╣Йр╕нр╕кр╕нр╕Ъ NETSAT р╕Юр╕гр╣Йр╕нр╕бр╣Ар╕Йр╕ер╕вр╕ер╕░р╣Ар╕нр╕╡р╕вр╕Ф 
тЬЕ р╣Ар╕ер╣Ир╕б NETSAT1 (3 р╕зр╕┤р╕Кр╕▓) р╣Др╕Чр╕в, р╕нр╕▒р╕Зр╕Бр╕др╕й, р╕Др╕Ур╕┤р╕Х
тЬЕ р╣Ар╕ер╣Ир╕б NETSAT2 (4 р╕зр╕┤р╕Кр╕▓) р╣Ар╕Др╕бр╕╡, р╕Кр╕╡р╕зр╕░, р╕Яр╕┤р╕кр╕┤р╕Бр╕кр╣М, р╕зр╕┤р╕Чр╕вр╣Мр╕п
.
ЁЯСЙ р╣Ар╕Чр╕╡р╕вр╕Ър╣Ар╕Др╕╡р╕вр╕З р╕Вр╣Йр╕нр╕кр╕нр╕Ър╕Ир╕гр╕┤р╕З NETSAT р╕ер╣Ир╕▓р╕кр╕╕р╕Ф
ЁЯСЙ р╕нр╕нр╕Бр╕Вр╣Йр╕нр╕кр╕нр╕Ър╣Ар╕кр╕бр╕╖р╕нр╕Щр╕Ир╕гр╕┤р╕З р╣Ар╕Бр╣Зр╕Зр╕Хр╕гр╕Зр╕Ир╕╕р╕Ф 

==========

тШОя╕П р╕кр╕нр╕Ър╕Цр╕▓р╕б/р╕кр╕бр╕▒р╕Др╕гр╕Бр╕▒р╕Ър╕Чр╕╡р╕бр╕Зр╕▓р╕Щ : 043-257-176
тШОя╕П р╕Юр╕╡р╣Ир╣Бр╕Ьр╕Щ : 086-455-9190
тШОя╕П р╕Юр╕╡р╣Ир╕Ыр╕╕р╣Йр╕в : 081-545-0716
тШОя╕П р╕Юр╕╡р╣Ир╕Фр╕╕р╣Кр╕вр╕Фр╕╕р╣Ир╕в : 088-564-2554
р╕лр╕гр╕╖р╕н р╕Др╕ер╕┤р╕Бр╣Бр╕нр╕Фр╣Др╕ер╕Щр╣М ЁЯСЙ theactkk

#р╣Ар╕Ыр╣Зр╕Щр╣Ар╕Ир╣Йр╕▓р╕Вр╕нр╕Зр╣Др╕Фр╣Йр╣Бр╕ер╣Йр╕з #р╕зр╕▒р╕Щр╕Щр╕╡р╣Й #р╣Вр╕Ыр╕гр╕лр╕Щр╕▒р╕Зр╕кр╕╖р╕н #р╕ер╕Фр╕гр╕▓р╕Др╕▓ #р╣Ар╕Хр╕гр╕╡р╕вр╕бр╕кр╕нр╕Ъ #TCAS #dek66 #dek67 #р╕лр╕Щр╕▒р╕Зр╕кр╕╖р╕нTheAct #р╕лр╕Щр╕▒р╕Зр╕кр╕╖р╕нр╣Ар╕Хр╕гр╕╡р╕вр╕бр╕кр╕нр╕Ъ #NETSAT #р╕лр╕Щр╕▒р╕Зр╕кр╕╖р╕нNETSAT #р╕лр╕Щр╕▒р╕Зр╕кр╕╖р╕нр╕кр╕нр╕Ъ #р╣Вр╕Др╕зр╕Хр╕▓р╕бр╕В #р╕Чр╕╡р╕бр╕бр╕В #р╣Вр╕Др╕зр╕Хр╕▓р╕бр╕В66 #KKU66 #р╕бр╕В. #theactkk",0,9
18,2922533618075324739_30350382665,2022-09-08 04:59:38+00:00,meetangmhai_,"р╣Ар╕Ыр╕┤р╕Фр╕ер╣Йр╕▓р╕Щр╣Бр╕ер╣Йр╕зр╕зЁЯзБЁЯл╢ЁЯП╗ thisshop р╕гр╕╡р╕зр╕┤р╕зр╕вр╕▓р╕бр╣Ар╕Кр╣Йр╕▓ тЬи р╕кр╕Щр╣Гр╕Ир╕Чр╕▒р╕Бр╣Др╕Фр╣Йр╣Ар╕ер╕вр╕Др╣Ир╕░р╣Ар╕Ыр╕┤р╕Фр╕гр╕▒р╕Ър╕Др╕┤р╕з #reviewmeetangmhai 
#р╣Бр╕ер╕Бр╕зр╕Зр╣Ар╕Зр╕┤р╕Щthisshop #ufund #р╕Бр╕╣р╣Йр╣Ар╕Зр╕┤р╕Щ #р╣Ар╕Зр╕┤р╕Щр╕Бр╕╣р╣Йр╕Щр╕▒р╕Бр╕ир╕╢р╕Бр╕йр╕▓ #р╕Бр╕╣р╣Йр╣Ар╕Зр╕┤р╕Щр╕Щр╕▒р╕Бр╕ир╕╢р╕Бр╕йр╕▓ #р╕бр╕В #р╕гр╕▒р╕Ър╕Чр╣Нр╕▓р╕Бр╕▓р╕гр╕Ър╣Йр╕▓р╕Щр╕бр╕лр╕▓р╕ер╕▒р╕в #р╕Ыр╕ер╣Ир╕нр╕вр╕Бр╕╣р╣Йр╕Вр╕нр╕Щр╣Бр╕Бр╣Ир╕Щ #pim #р╕кр╕┤р╕Зр╕лр╣Мр╕Ър╕╕р╕гр╕╡р╕гр╕▒р╕Ър╕Зр╕▓р╕Щ #ttbр╕ер╣Ир╕б #р╕Юр╕гр╕░р╕Щр╕Др╕г #р╕гр╕▓р╕Кр╕ар╕▒р╕Пр╕Юр╕гр╕░р╕Щр╕Др╕г #р╕Ыр╕▒р╕Нр╕Нр╕▓р╕ар╕┤р╕зр╕▒р╕Тр╕Щр╣М #р╕гр╣Йр╕нр╕Щр╣Ар╕Зр╕┤р╕Щ",0,3
19,2922530936282096729_14795901404,2022-09-08 04:54:18+00:00,over.pixs,"OverPixs
р╕Хр╕┤р╕Фр╕Хр╣Ир╕н.0895658332 
Line : game_3838
#р╕бр╕В #KKU #р╕Кр╣Ир╕▓р╕Зр╕ар╕▓р╕Юр╕Вр╕нр╕Щр╣Бр╕Бр╣Ир╕Щ  #NU #р╕бр╕нр╕Щр╕н #р╕бр╕лр╕▓р╕ер╕▒р╕вр╕Щр╣Ар╕гр╕ир╕зр╕г
#р╕лр╕▓р╕Кр╣Ир╕▓р╕Зр╕ар╕▓р╕Ю #р╕гр╕▒р╕Ър╕Ыр╕гр╕┤р╕Нр╕Нр╕▓ #р╕Цр╣Ир╕▓р╕вр╕гр╕╣р╕Ыр╕гр╕▒р╕Ър╕Ыр╕гр╕┤р╕Нр╕Нр╕▓ #р╕Щр╕нр╕Бр╕гр╕нр╕Ър╕гр╕▒р╕Ър╕Ыр╕гр╕┤р╕Нр╕Нр╕▓ #р╕Щр╕нр╕Бр╕гр╕нр╕Ъ #р╕зр╕▒р╕Щр╕гр╕▒р╕Ър╕Ыр╕гр╕┤р╕Нр╕Нр╕▓ #р╕Кр╣Ир╕▓р╕Зр╕ар╕▓р╕Юр╕гр╕▒р╕Ър╕Ыр╕гр╕┤р╕Нр╕Нр╕▓ #р╕лр╕▓р╕Кр╣Ир╕▓р╕Зр╕ар╕▓р╕Ю #р╕гр╕▒р╕Ър╕Цр╣Ир╕▓р╕вр╕ар╕▓р╕Ю #р╕гр╕▒р╕Ър╕Цр╣Ир╕▓р╕вр╕гр╕╣р╕Ы #р╕Цр╣Ир╕▓р╕вр╣Вр╕Ыр╕гр╣Др╕Яр╕ер╣М #р╕Кр╣Ир╕▓р╕Зр╕ар╕▓р╕Юр╕гр╕▒р╕Ър╕Ыр╕гр╕┤р╕Нр╕Нр╕▓ #р╕лр╕▓р╕Кр╣Ир╕▓р╕Зр╕ар╕▓р╕Юр╕гр╕▒р╕Ър╕Ыр╕гр╕┤р╕Нр╕Нр╕▓ #р╕Хр╕▓р╕Бр╕ер╣Йр╕нр╕З #р╕гр╕▒р╕Ър╕Цр╣Ир╕▓р╕вр╕ар╕▓р╕Юр╕гр╕▒р╕Ър╕Ыр╕гр╕┤р╕Нр╕Нр╕▓ #р╕Щр╕нр╕Бр╕гр╕нр╕Ър╕гр╕▒р╕Ър╕Ыр╕гр╕┤р╕Нр╕Нр╕▓ #р╕Щр╕нр╕Бр╕гр╕нр╕Ър╕Бр╕ер╕╕р╣Ир╕б #р╕зр╕▒р╕Щр╕Лр╣Йр╕нр╕бр╣Гр╕лр╕Нр╣Ир╕гр╕▒р╕Ър╕Ыр╕гр╕┤р╕Нр╕Нр╕▓",0,5
20,2922529646760012386_14795901404,2022-09-08 04:51:44+00:00,over.pixs,"OverPixs
р╕Хр╕┤р╕Фр╕Хр╣Ир╕н.0895658332 
Line : game_3838
#р╕бр╕В #KKU #р╕Кр╣Ир╕▓р╕Зр╕ар╕▓р╕Юр╕Вр╕нр╕Щр╣Бр╕Бр╣Ир╕Щ  #NU #р╕бр╕нр╕Щр╕н #р╕бр╕лр╕▓р╕ер╕▒р╕вр╕Щр╣Ар╕гр╕ир╕зр╕г
#р╕лр╕▓р╕Кр╣Ир╕▓р╕Зр╕ар╕▓р╕Ю #р╕гр╕▒р╕Ър╕Ыр╕гр╕┤р╕Нр╕Нр╕▓ #р╕Цр╣Ир╕▓р╕вр╕гр╕╣р╕Ыр╕гр╕▒р╕Ър╕Ыр╕гр╕┤р╕Нр╕Нр╕▓ #р╕Щр╕нр╕Бр╕гр╕нр╕Ър╕гр╕▒р╕Ър╕Ыр╕гр╕┤р╕Нр╕Нр╕▓ #р╕Щр╕нр╕Бр╕гр╕нр╕Ъ #р╕зр╕▒р╕Щр╕гр╕▒р╕Ър╕Ыр╕гр╕┤р╕Нр╕Нр╕▓ #р╕Кр╣Ир╕▓р╕Зр╕ар╕▓р╕Юр╕гр╕▒р╕Ър╕Ыр╕гр╕┤р╕Нр╕Нр╕▓ #р╕лр╕▓р╕Кр╣Ир╕▓р╕Зр╕ар╕▓р╕Ю #р╕гр╕▒р╕Ър╕Цр╣Ир╕▓р╕вр╕ар╕▓р╕Ю #р╕гр╕▒р╕Ър╕Цр╣Ир╕▓р╕вр╕гр╕╣р╕Ы #р╕Цр╣Ир╕▓р╕вр╣Вр╕Ыр╕гр╣Др╕Яр╕ер╣М #р╕Кр╣Ир╕▓р╕Зр╕ар╕▓р╕Юр╕гр╕▒р╕Ър╕Ыр╕гр╕┤р╕Нр╕Нр╕▓ #р╕лр╕▓р╕Кр╣Ир╕▓р╕Зр╕ар╕▓р╕Юр╕гр╕▒р╕Ър╕Ыр╕гр╕┤р╕Нр╕Нр╕▓ #р╕Хр╕▓р╕Бр╕ер╣Йр╕нр╕З #р╕гр╕▒р╕Ър╕Цр╣Ир╕▓р╕вр╕ар╕▓р╕Юр╕гр╕▒р╕Ър╕Ыр╕гр╕┤р╕Нр╕Нр╕▓ #р╕Щр╕нр╕Бр╕гр╕нр╕Ър╕гр╕▒р╕Ър╕Ыр╕гр╕┤р╕Нр╕Нр╕▓ #р╕Щр╕нр╕Бр╕гр╕нр╕Ър╕Бр╕ер╕╕р╣Ир╕б #р╕зр╕▒р╕Щр╕Лр╣Йр╕нр╕бр╣Гр╕лр╕Нр╣Ир╕гр╕▒р╕Ър╕Ыр╕гр╕┤р╕Нр╕Нр╕▓",0,2
21,2922529028016306929_14795901404,2022-09-08 04:50:30+00:00,over.pixs,"OverPixs
р╕Хр╕┤р╕Фр╕Хр╣Ир╕н.0895658332 
Line : game_3838
#р╕бр╕В #KKU #р╕Кр╣Ир╕▓р╕Зр╕ар╕▓р╕Юр╕Вр╕нр╕Щр╣Бр╕Бр╣Ир╕Щ  #NU #р╕бр╕нр╕Щр╕н #р╕бр╕лр╕▓р╕ер╕▒р╕вр╕Щр╣Ар╕гр╕ир╕зр╕г
#р╕лр╕▓р╕Кр╣Ир╕▓р╕Зр╕ар╕▓р╕Ю #р╕гр╕▒р╕Ър╕Ыр╕гр╕┤р╕Нр╕Нр╕▓ #р╕Цр╣Ир╕▓р╕вр╕гр╕╣р╕Ыр╕гр╕▒р╕Ър╕Ыр╕гр╕┤р╕Нр╕Нр╕▓ #р╕Щр╕нр╕Бр╕гр╕нр╕Ър╕гр╕▒р╕Ър╕Ыр╕гр╕┤р╕Нр╕Нр╕▓ #р╕Щр╕нр╕Бр╕гр╕нр╕Ъ #р╕зр╕▒р╕Щр╕гр╕▒р╕Ър╕Ыр╕гр╕┤р╕Нр╕Нр╕▓ #р╕Кр╣Ир╕▓р╕Зр╕ар╕▓р╕Юр╕гр╕▒р╕Ър╕Ыр╕гр╕┤р╕Нр╕Нр╕▓ #р╕лр╕▓р╕Кр╣Ир╕▓р╕Зр╕ар╕▓р╕Ю #р╕гр╕▒р╕Ър╕Цр╣Ир╕▓р╕вр╕ар╕▓р╕Ю #р╕гр╕▒р╕Ър╕Цр╣Ир╕▓р╕вр╕гр╕╣р╕Ы #р╕Цр╣Ир╕▓р╕вр╣Вр╕Ыр╕гр╣Др╕Яр╕ер╣М #р╕Кр╣Ир╕▓р╕Зр╕ар╕▓р╕Юр╕гр╕▒р╕Ър╕Ыр╕гр╕┤р╕Нр╕Нр╕▓ #р╕лр╕▓р╕Кр╣Ир╕▓р╕Зр╕ар╕▓р╕Юр╕гр╕▒р╕Ър╕Ыр╕гр╕┤р╕Нр╕Нр╕▓ #р╕Хр╕▓р╕Бр╕ер╣Йр╕нр╕З #р╕гр╕▒р╕Ър╕Цр╣Ир╕▓р╕вр╕ар╕▓р╕Юр╕гр╕▒р╕Ър╕Ыр╕гр╕┤р╕Нр╕Нр╕▓ #р╕Щр╕нр╕Бр╕гр╕нр╕Ър╕гр╕▒р╕Ър╕Ыр╕гр╕┤р╕Нр╕Нр╕▓ #р╕Щр╕нр╕Бр╕гр╕нр╕Ър╕Бр╕ер╕╕р╣Ир╕б #р╕зр╕▒р╕Щр╕Лр╣Йр╕нр╕бр╣Гр╕лр╕Нр╣Ир╕гр╕▒р╕Ър╕Ыр╕гр╕┤р╕Нр╕Нр╕▓",0,6
22,2922504184272456817_50829681887,2022-09-08 04:01:09+00:00,macnolia_graduate,#р╕Кр╣Ир╕▓р╕Зр╕ар╕▓р╕Юр╕гр╕▒р╕Ър╕Ыр╕гр╕┤р╕Нр╕Нр╕▓ #р╕лр╕▓р╕Кр╣Ир╕▓р╕Зр╕ар╕▓р╕Ю #р╕Цр╣Ир╕▓р╕вр╕гр╕╣р╕Ыр╕гр╕▒р╕Ър╕Ыр╕гр╕┤р╕Нр╕Нр╕▓р╕Щр╕нр╕Бр╕гр╕нр╕Ъ #р╕Кр╣Ир╕▓р╕Зр╣Бр╕Хр╣Ир╕Зр╕лр╕Щр╣Йр╕▓р╕гр╕▒р╕Ър╕Ыр╕гр╕┤р╕Нр╕Нр╕▓ #р╕Цр╣Ир╕▓р╕вр╕ар╕▓р╕Юр╕гр╕▒р╕Ър╕Ыр╕гр╕┤р╕Нр╕Нр╕▓ #р╕гр╕▒р╕Ър╕Бр╕▓р╕зр╕Щр╣М #р╕гр╕▒р╕Ър╕лр╕бр╕зр╕Бр╕Юр╕вр╕▓р╕Ър╕▓р╕е #graduation #congratulations #photoday #pregraduation #blackfilmphoto #chula #tu #thammasat #kasetsartuniversity #р╕бр╕лр╕▓р╕ер╕▒р╕вр╕зр╕┤р╕Чр╕вр╕▓р╕ер╕▒р╕вр╣Ар╕Бр╕йр╕Хр╕гр╕ир╕▓р╕кр╕Хр╕гр╣М #chulalongkornuniversity #thammasatuniversity #kmitl #р╕бр╕Чр╕к #р╕бр╕В #р╕Вр╕нр╕Щр╣Бр╕Бр╣Ир╕Щ,0,0
23,2922503624047663820_50829681887,2022-09-08 04:00:02+00:00,macnolia_graduate,#р╕Кр╣Ир╕▓р╕Зр╕ар╕▓р╕Юр╕гр╕▒р╕Ър╕Ыр╕гр╕┤р╕Нр╕Нр╕▓ #р╕лр╕▓р╕Кр╣Ир╕▓р╕Зр╕ар╕▓р╕Ю #р╕Цр╣Ир╕▓р╕вр╕гр╕╣р╕Ыр╕гр╕▒р╕Ър╕Ыр╕гр╕┤р╕Нр╕Нр╕▓р╕Щр╕нр╕Бр╕гр╕нр╕Ъ #р╕Кр╣Ир╕▓р╕Зр╣Бр╕Хр╣Ир╕Зр╕лр╕Щр╣Йр╕▓р╕гр╕▒р╕Ър╕Ыр╕гр╕┤р╕Нр╕Нр╕▓ #р╕Цр╣Ир╕▓р╕вр╕ар╕▓р╕Юр╕гр╕▒р╕Ър╕Ыр╕гр╕┤р╕Нр╕Нр╕▓ #р╕гр╕▒р╕Ър╕Бр╕▓р╕зр╕Щр╣М #р╕гр╕▒р╕Ър╕лр╕бр╕зр╕Бр╕Юр╕вр╕▓р╕Ър╕▓р╕е #graduation #congratulations #photoday #pregraduation #blackfilmphoto #chula #tu #thammasat #kasetsartuniversity #р╕бр╕лр╕▓р╕ер╕▒р╕вр╕зр╕┤р╕Чр╕вр╕▓р╕ер╕▒р╕вр╣Ар╕Бр╕йр╕Хр╕гр╕ир╕▓р╕кр╕Хр╕гр╣М #chulalongkornuniversity #thammasatuniversity #kmitl #р╕бр╕Чр╕к #р╕бр╕В #р╕Вр╕нр╕Щр╣Бр╕Бр╣Ир╕Щ,0,0
24,2922503330756791071_50829681887,2022-09-08 03:59:27+00:00,macnolia_graduate,#р╕Кр╣Ир╕▓р╕Зр╕ар╕▓р╕Юр╕гр╕▒р╕Ър╕Ыр╕гр╕┤р╕Нр╕Нр╕▓ #р╕лр╕▓р╕Кр╣Ир╕▓р╕Зр╕ар╕▓р╕Ю #р╕Цр╣Ир╕▓р╕вр╕гр╕╣р╕Ыр╕гр╕▒р╕Ър╕Ыр╕гр╕┤р╕Нр╕Нр╕▓р╕Щр╕нр╕Бр╕гр╕нр╕Ъ #р╕Кр╣Ир╕▓р╕Зр╣Бр╕Хр╣Ир╕Зр╕лр╕Щр╣Йр╕▓р╕гр╕▒р╕Ър╕Ыр╕гр╕┤р╕Нр╕Нр╕▓ #р╕Цр╣Ир╕▓р╕вр╕ар╕▓р╕Юр╕гр╕▒р╕Ър╕Ыр╕гр╕┤р╕Нр╕Нр╕▓ #р╕гр╕▒р╕Ър╕Бр╕▓р╕зр╕Щр╣М #р╕гр╕▒р╕Ър╕лр╕бр╕зр╕Бр╕Юр╕вр╕▓р╕Ър╕▓р╕е #graduation #congratulations #photoday #pregraduation #blackfilmphoto #chula #tu #thammasat #kasetsartuniversity #р╕бр╕лр╕▓р╕ер╕▒р╕вр╕зр╕┤р╕Чр╕вр╕▓р╕ер╕▒р╕вр╣Ар╕Бр╕йр╕Хр╕гр╕ир╕▓р╕кр╕Хр╕гр╣М #chulalongkornuniversity #thammasatuniversity #kmitl #р╕бр╕Чр╕к #р╕бр╕В #р╕Вр╕нр╕Щр╣Бр╕Бр╣Ир╕Щ,0,0
25,2922484603147913001_8011243780,2022-09-08 03:22:15+00:00,khonkaenuniversity,"р╕нр╕▓р╕Ир╕▓р╕гр╕вр╣Мр╕Др╕Ур╕░р╕кр╕лр╕зр╕┤р╕Чр╕вр╕▓р╕Бр╕▓р╕г р╕гр╕▒р╕Ър╕гр╕▓р╕Зр╕зр╕▒р╕е Creator Awards р╕Фр╣Йр╕▓р╕Щр╕кр╕▒р╕Зр╕Др╕б р╣Бр╕ер╕░р╕гр╣Ир╕зр╕бр╣Бр╕кр╕Фр╕Зр╕Ьр╕ер╕Зр╕▓р╕Щр╕Щр╕зр╕▒р╕Хр╕Бр╕гр╕гр╕бр╕Бр╕гр╕гр╕б р╣Гр╕Щр╕Зр╕▓р╕Щ тАЬThailand Synergy р╣Ар╕Юр╕╖р╣Ир╕н SMES р╣Др╕Чр╕втАЭ ЁЯкЩ

р╣Гр╕Щр╕зр╕▒р╕Щр╕Юр╕др╕лр╕▒р╕кр╕Ър╕Фр╕╡р╕Чр╕╡р╣И 25 р╕кр╕┤р╕Зр╕лр╕▓р╕Др╕б 2565┬ар╕гр╕нр╕Зр╕ир╕▓р╕кр╕Хр╕гр╕▓р╕Ир╕▓р╕гр╕вр╣М р╕Фр╕г.р╕Кр╕Нр╕▓р╕Фр╕▓ р╕кр╕╕р╕гр╕░р╕зр╕Щр╕┤р╕Кр╕Бр╕╕р╕е┬ар╕нр╕▓р╕Ир╕▓р╕гр╕вр╣Мр╕Ыр╕гр╕░р╕Ир╕│р╕кр╕▓р╕Вр╕▓р╣Ар╕Чр╕Др╣Вр╕Щр╣Вр╕ер╕вр╕╡р╣Бр╕ер╕░р╕зр╕┤р╕ир╕зр╕Бр╕гр╕гр╕бр╕ир╕▓р╕кр╕Хр╕гр╣М┬ар╕Др╕Ур╕░р╕кр╕лр╕зр╕┤р╕Чр╕вр╕▓р╕Бр╕▓р╕г р╕бр╕лр╕▓р╕зр╕┤р╕Чр╕вр╕▓р╕ер╕▒р╕вр╕Вр╕нр╕Щр╣Бр╕Бр╣Ир╕Щ р╕зр╕┤р╕Чр╕вр╕▓р╣Ар╕Вр╕Хр╕лр╕Щр╕нр╕Зр╕Др╕▓р╕в┬ар╣Бр╕ер╕░р╕Ьр╕╣р╣Йр╕Юр╕▒р╕Тр╕Щр╕▓р╕Шр╕╕р╕гр╕Бр╕┤р╕Ир╕Ьр╕ер╕┤р╕Хр╕ар╕▒р╕Ур╕Ср╣М┬ар╣Ар╕Ир╣Йр╕▓р╕Вр╕нр╕Зр╕Ьр╕ер╕Зр╕▓р╕Щ р╕нр╕нр╣Ар╕Чр╕ер╣Ир╕▓┬а(ORTELRA)┬ар╕Ьр╕ер╕┤р╕Хр╕ар╕▒р╕Ур╕Ср╣Мр╣Ар╕Ир╕ер╣Бр╕Хр╣Йр╕бр╕кр╕┤р╕зр╕Ир╕▓р╕Бр╕кр╕▓р╕гр╕кр╕Бр╕▒р╕Фр╕Ър╕▒р╕зр╕Ър╕Бр╕нр╕нр╕гр╣Мр╣Бр╕Бр╕Щр╕┤р╕Д р╣Ар╕Вр╣Йр╕▓р╕гр╣Ир╕зр╕бр╕гр╕▒р╕Ър╕гр╕▓р╕Зр╕зр╕▒р╕е тАЬCreator Awards р╕Фр╣Йр╕▓р╕Щр╕кр╕▒р╕Зр╕Др╕бтАЭ┬ар╕Ир╕▓р╕Бр╣Ар╕зр╕Чр╕╡┬а7 innovation awards 2022┬а

р╕Щр╕зр╕▒р╕Хр╕Бр╕гр╕гр╕бр╕Чр╕╡р╣Ир╕бр╕╡р╕Ьр╕ер╕Зр╕▓р╕Щр╕Чр╕╡р╣Ир╣Ар╕Ыр╣Зр╕Щр╕Ыр╕гр╕░р╣Вр╕вр╕Кр╕Щр╣Мр╕Хр╣Ир╕нр╣Ар╕ир╕гр╕йр╕Рр╕Бр╕┤р╕И р╕кр╕▒р╕Зр╕Др╕б р╣Бр╕ер╕░р╕Ыр╕гр╕░р╣Ар╕Чр╕ир╕Кр╕▓р╕Хр╕┤┬ар╕Лр╕╢р╣Ир╕Зр╣Ар╕Ыр╣Зр╕Щ 1 р╣Гр╕Щ 20 р╕Ьр╕ер╕Зр╕▓р╕Щр╕Чр╕╡р╣Ир╣Ар╕Вр╣Йр╕▓р╕гр╕▒р╕Ър╕гр╕▓р╕Зр╕зр╕▒р╕ер╕кр╕▓р╕Вр╕▓р╕Щр╕зр╕▒р╕Хр╕Бр╕гр╕гр╕бр╕Шр╕╕р╕гр╕Бр╕┤р╕Ир╣Ар╕Юр╕╖р╣Ир╕нр╕кр╕▒р╕Зр╕Др╕б р╕Ир╕▓р╕Бр╕Бр╕зр╣Ир╕▓ 200 р╕Ьр╕ер╕Зр╕▓р╕Щ┬ар╕Чр╕╡р╣Ир╕кр╣Ир╕Зр╣Ар╕Вр╣Йр╕▓р╕Ыр╕гр╕░р╕Бр╕зр╕Ф р╕Лр╕╢р╣Ир╕З р╕Ър╕гр╕┤р╕йр╕▒р╕Ч р╕Лр╕╡р╕Юр╕╡ р╕нр╕нр╕ер╣Мр╕е р╕Ир╕│р╕Бр╕▒р╕Ф (р╕бр╕лр╕▓р╕Вр╕Щ) р╣Др╕Фр╣Йр╕бр╕╡р╕Бр╕▓р╕гр╕ер╕Зр╕Щр╕▓р╕бр╕Др╕зр╕▓р╕бр╕гр╣Ир╕зр╕бр╕бр╕╖р╕нр╕Бр╕▒р╕Щр╕гр╕░р╕лр╕зр╣Ир╕▓р╕З 11 р╕нр╕Зр╕Др╣Мр╕Бр╕г р╕ар╕▓р╕вр╣Гр╕Хр╣Й тАЬр╣Вр╕Др╕гр╕Зр╕Бр╕▓р╕гр╕Др╕зр╕▓р╕бр╕гр╣Ир╕зр╕бр╕бр╕╖р╕нр╕Вр╕▒р╕Ър╣Ар╕Др╕ер╕╖р╣Ир╕нр╕Щр╕Щр╕зр╕▒р╕Хр╕Бр╕гр╕гр╕бр╕кр╕│р╕лр╕гр╕▒р╕Ър╕Ыр╕гр╕░р╣Ар╕Чр╕итАЭ р╕Лр╕╢р╣Ир╕Зр╕Чр╕╕р╕Бр╕Ыр╕╡р╕Чр╕╡р╣Ир╕Ьр╣Ир╕▓р╕Щр╕бр╕▓р╕Ир╕░р╕бр╕╡р╕Бр╕▓р╕гр╕Ир╕▒р╕Фр╕Зр╕▓р╕Щ┬атАЬThailand Synergy р╣Ар╕Юр╕╖р╣Ир╕н SMEs р╣Др╕Чр╕втАЭ

р╣Бр╕ер╕░р╕ар╕▓р╕вр╣Гр╕Щр╕Зр╕▓р╕Щр╕Фр╕▒р╕Зр╕Бр╕ер╣Ир╕▓р╕зр╕Ир╕░р╕бр╕╡р╕Юр╕┤р╕Шр╕╡р╕Ыр╕гр╕░р╕Бр╕▓р╕ир╕Ьр╕ер╣Бр╕ер╕░р╕бр╕нр╕Ър╕гр╕▓р╕Зр╕зр╕▒р╕е тАЬр╕кр╕╕р╕Фр╕вр╕нр╕Фр╕Щр╕зр╕▒р╕Хр╕Бр╕гр╕гр╕б 7 Innovation AwardsтАЭ (р╣Ар╕Лр╣Ар╕зр╣Ир╕Щ р╕нр╕┤р╕Щр╣Вр╕Щр╣Ар╕зр╕Кр╕▒р╣Ир╕Щ р╕нр╕зр╕нр╕гр╣Мр╕Фр╕кр╣М) р╕У р╕лр╣Йр╕нр╕Зр╕ар╕┤р╕гр╕▒р╕Кр╕ор╕нр╕ер╕ер╣М р╕ир╕╣р╕Щр╕вр╣Мр╕Щр╕┤р╕Чр╕гр╕гр╕ир╕Бр╕▓р╕гр╣Бр╕ер╕░р╕Бр╕▓р╕гр╕Ыр╕гр╕░р╕Кр╕╕р╕бр╣Др╕Ър╣Ар╕Чр╕Д р╕Ър╕▓р╕Зр╕Щр╕▓┬ар╣Ар╕Юр╕╖р╣Ир╕нр╕кр╣Ир╕Зр╣Ар╕кр╕гр╕┤р╕бр╣Бр╕ер╕░р╕кр╕Щр╕▒р╕Ър╕кр╕Щр╕╕р╕Щр╣Гр╕лр╣Йр╕Ьр╕ер╕┤р╕Хр╕ар╕▒р╕Ур╕Ср╣Мр╣Гр╕лр╕бр╣Ир╣Ж р╕лр╕гр╕╖р╕нр╕Ьр╕ер╕Зр╕▓р╕Щр╕зр╕┤р╕Ир╕▒р╕вр╕Чр╕╡р╣Ир╕бр╕╡р╕нр╕вр╕╣р╣Ир╣Гр╕Щр╕нр╕Зр╕Др╣Мр╕Бр╕гр╕Чр╕▒р╣Йр╕Зр╕ар╕▓р╕Др╕гр╕▒р╕Рр╣Бр╕кр╕░р╕ар╕▓р╕Др╣Ар╕нр╕Бр╕Кр╕Щ р╕гр╕зр╕бр╕Цр╕╢р╕З р╕Ьр╕╣р╣Йр╕Ыр╕гр╕░р╕Бр╕нр╕Ър╕Бр╕▓р╕г SME р╣Бр╕ер╕░р╕Бр╕ер╕╕р╣Ир╕б Start up р╕Вр╕нр╕Зр╣Др╕Чр╕в

р╣Др╕Фр╣Йр╕бр╕╡р╕Кр╣Ир╕нр╕Зр╕Чр╕▓р╕Зр╣Бр╕ер╕░р╕Хр╕ер╕▓р╕Фр╣Гр╕Щр╕Бр╕▓р╕гр╕Чр╕Фр╕кр╕нр╕Ър╕Ьр╕ер╕Зр╕▓р╕Щр╣Гр╕Щр╕Хр╕ер╕▓р╕Фр╕Ир╕гр╕┤р╕З р╕Кр╣Ир╕зр╕вр╣Гр╕лр╣Йр╕Ьр╕╣р╣Йр╕Ыр╕гр╕░р╕Бр╕нр╕Ър╕Бр╕▓р╕гр╕кр╕▓р╕бр╕▓р╕гр╕Цр╕Хр╣Ир╕нр╕вр╕нр╕Фр╕Др╕зр╕▓р╕бр╕кр╕│р╣Ар╕гр╣Зр╕Ир╕Вр╕нр╕Зр╕Ьр╕ер╕Зр╕▓р╕Щр╣Др╕Ыр╕кр╕╣р╣Ир╕Щр╕зр╕▒р╕Хр╕Бр╕гр╕гр╕бр╕Чр╕╡р╣Ир╕кр╕╣р╕Зр╕Вр╕╢р╣Йр╕Щр╣Гр╕Щр╕гр╕░р╕Фр╕▒р╕Ър╕Ыр╕гр╕░р╣Ар╕Чр╕ир╣Др╕Фр╣Йр╕бр╕▓р╕Бр╕вр╕┤р╣Ир╕Зр╕Вр╕╢р╣Йр╕Щ

р╕Ьр╕ер╕┤р╕Хр╕ар╕▒р╕Ур╕Ср╣Мр╣Ар╕Ир╕ер╣Бр╕Хр╣Йр╕бр╕кр╕┤р╕зр╕Ир╕▓р╕Бр╕кр╕▓р╕гр╕кр╕Бр╕▒р╕Фр╕Ър╕▒р╕зр╕Ър╕Бр╕нр╕нр╕гр╣Мр╣Бр╕Бр╕Щр╕┤р╕Д┬ар╣Ар╕Бр╕┤р╕Фр╕Ир╕▓р╕Бр╣Бр╕Щр╕зр╕Др╕┤р╕Фр╕Бр╕▓р╕гр╕Чр╕│р╕Шр╕╕р╕гр╕Бр╕┤р╕Ир╣Бр╕Ър╕Ъ CSV (Creating Shared Value) р╣Вр╕Фр╕вр╕Чр╕│р╕Зр╕▓р╕Щр╣Бр╕Ър╕Ър╕Ър╕╣р╕гр╕Ур╕▓р╕Бр╕▓р╕гр╕гр╣Ир╕зр╕бр╕Бр╕▒р╕Щ 3 р╕Бр╕ер╕╕р╣Ир╕б р╕Ыр╕гр╕░р╕Бр╕нр╕Ър╕Фр╣Йр╕зр╕в р╕Бр╕ер╕╕р╣Ир╕бр╣Ар╕Бр╕йр╕Хр╕гр╕Бр╕г р╕бр╕╡р╕лр╕Щр╣Йр╕▓р╕Чр╕╡р╣Ир╕Ьр╕ер╕┤р╕Хр╕Ър╕▒р╕зр╕Ър╕Бр╣Бр╕Ър╕Ър╣Ар╕Бр╕йр╕Хр╕гр╕нр╕┤р╕Щр╕Чр╕гр╕╡р╕вр╣Мр╣Бр╕ер╕░р╣Бр╕Ыр╕гр╕гр╕╣р╕Ыр╕Вр╕▒р╣Йр╕Щр╕Юр╕╖р╣Йр╕Щр╕Рр╕▓р╕Щ р╕бр╕╡р╕Чр╕╡р╕бр╕Щр╕▒р╕Бр╕зр╕┤р╕Чр╕вр╕▓р╕ир╕▓р╕кр╕Хр╕гр╣Мр╕Чр╕▓р╕Зр╣Ар╕Др╕бр╕╡ р╣Бр╕ер╕░р╣Ар╕ар╕кр╕▒р╕К

р╕Чр╕│р╕лр╕Щр╣Йр╕▓р╕Чр╕╡р╣Ир╕зр╕┤р╕Ир╕▒р╕вр╣Бр╕ер╕░р╕Юр╕▒р╕Тр╕Щр╕▓р╕Ьр╕ер╕┤р╕Хр╕ар╕▒р╕Ур╕Ср╣М р╣Бр╕ер╕░р╕Ьр╕╣р╣Йр╕Ыр╕гр╕░р╕Бр╕нр╕Ър╕Чр╕│р╕лр╕Щр╣Йр╕▓р╕Чр╕╡р╣Ир╕Щр╕│р╕Ьр╕ер╕┤р╕Хр╕ар╕▒р╕Ур╕Ср╣Мр╕нр╕нр╕Бр╕кр╕╣р╣Ир╕Хр╕ер╕▓р╕Ф р╕Лр╕╢р╣Ир╕Зр╕гр╕▓р╕вр╣Др╕Фр╣Йр╕кр╣Ир╕зр╕Щр╕лр╕Щр╕╢р╣Ир╕Зр╕Ир╕░р╕Бр╕ер╕▒р╕Ър╣Др╕Ыр╕кр╣Ир╕Зр╣Ар╕кр╕гр╕┤р╕бр╕Бр╕▓р╕гр╕Ыр╕ер╕╣р╕Бр╕кр╕бр╕╕р╕Щр╣Др╕Юр╕гр╕нр╕┤р╕Щр╕Чр╕гр╕╡р╕вр╣Мр╣Гр╕Щр╕Юр╕╖р╣Йр╕Щр╕Чр╕╡р╣Ир╕ар╕▓р╕Др╕Хр╕░р╕зр╕▒р╕Щр╕нр╕нр╕Бр╣Ар╕Йр╕╡р╕вр╕Зр╣Ар╕лр╕Щр╕╖р╕н р╕Кр╣Ир╕зр╕вр╕кр╕гр╣Йр╕▓р╕Зр╕нр╕▓р╕Кр╕╡р╕Юр╣Гр╕лр╣Йр╣Ар╕Бр╕йр╕Хр╕гр╕Бр╕гр╕нр╕вр╣Ир╕▓р╕Зр╕вр╕▒р╣Ир╕Зр╕вр╕╖р╕Щ┬ар╕Ьр╕ер╕Зр╕▓р╕Щр╕Щр╕╡р╣Йр╣Др╕Фр╣Йр╕гр╕▒р╕Ър╕Бр╕▓р╕гр╕кр╕Щр╕▒р╕Ър╕кр╕Щр╕╕р╕Щр╕Ир╕▓р╕Бр╕нр╕╕р╕Чр╕вр╕▓р╕Щр╕зр╕┤р╕Чр╕вр╕▓р╕ир╕▓р╕кр╕Хр╕гр╣Мр╕ар╕▓р╕Др╕Хр╕░р╕зр╕▒р╕Щр╕нр╕нр╕Бр╣Ар╕Йр╕╡р╕вр╕Зр╣Ар╕лр╕Щр╕╖р╕н р╕бр╕лр╕▓р╕зр╕┤р╕Чр╕вр╕▓р╕ер╕▒р╕вр╕Вр╕нр╕Щр╣Бр╕Бр╣Ир╕Щ

р╣Вр╕Фр╕вр╕Ьр╕╣р╣Йр╕нр╕│р╕Щр╕зр╕вр╕Бр╕▓р╕г┬ар╕Фр╕г.р╕нр╕ар╕┤р╕гр╕Кр╕▒р╕в р╕зр╕Зр╕йр╣Мр╕ир╕гр╕╡р╕зр╕гр╕Юр╕е┬ар╕гр╣Ир╕зр╕бр╕бр╕нр╕Ър╕Бр╕гр╕░р╣Ар╕Кр╣Йр╕▓р╣Бр╕Ър╕гр╕Щр╕Фр╣М ORTELRA┬ар╕Ьр╕ер╕Зр╕▓р╕Щр╕Шр╕╕р╕гр╕Бр╕┤р╕Ир╕Щр╕зр╕▒р╕Хр╕Бр╕гр╕гр╕бр╕Фр╣Йр╕▓р╕Щр╕кр╕▒р╕Зр╕Др╕бр╣Бр╕Фр╣И р╕Чр╣Ир╕▓р╕Щ┬ар╕Фр╕г.р╕кр╕╕р╣Ар╕бр╕Ш р╕Хр╕▒р╕Щр╕Хр╕┤р╣Ар╕зр╕Кр╕Бр╕╕р╕е┬ар╕Бр╕гр╕гр╕бр╕Бр╕▓р╕гр╣Бр╕ер╕░р╣Ар╕ер╕Вр╕▓р╕Шр╕┤р╕Бр╕▓р╕гр╕бр╕╣р╕ер╕Щр╕┤р╕Шр╕┤р╕Кр╕▒р╕вр╕Юр╕▒р╕Тр╕Щр╕▓ р╕Юр╕гр╣Йр╕нр╕бр╕Др╕Ур╕░р╕Ьр╕╣р╣Йр╕Ър╕гр╕┤р╕лр╕▓р╕г

р╕Вр╣Ир╕▓р╕з : р╕гр╕и.р╕Фр╕г.р╕Кр╕Нр╕▓р╕Фр╕▓ р╕кр╕╕р╕гр╕░р╕зр╕Щр╕┤р╕Кр╕Бр╕╕р╕е
р╣Бр╕лр╕ер╣Ир╕Зр╕Чр╕╡р╣Ир╕бр╕▓р╕ар╕▓р╕Ю : Facebook Page 7Innovation Awards

#р╕Др╕Ур╕░р╕кр╕лр╕зр╕┤р╕Чр╕вр╕▓р╕Бр╕▓р╕г #р╕Др╕Ур╕░р╕кр╕лр╕зр╕┤р╕Чр╕вр╕▓р╕Бр╕▓р╕гр╕бр╕лр╕▓р╕зр╕┤р╕Чр╕вр╕▓р╕ер╕▒р╕вр╕Вр╕нр╕Щр╣Бр╕Бр╣Ир╕Щ 
#р╕бр╕лр╕▓р╕зр╕┤р╕Чр╕вр╕▓р╕ер╕▒р╕вр╕Вр╕нр╕Щр╣Бр╕Бр╣Ир╕Щ #р╕бр╕В #khonkaenuniversity",0,173
26,2922161406499194929_55456896072,2022-09-07 16:40:06+00:00,kohagrill_bbq,р╣Ар╕Щр╕╖р╣Йр╕нр╕вр╣Ир╕▓р╕Зр╕гр╕▓р╕Др╕▓р╕Др╕Щр╕ер╕░269 #р╣Вр╕Др╕ор╕▓р╕Бр╕┤р╕з #р╕гр╣Йр╕▓р╕Щр╣Ар╕Щр╕╖р╣Йр╕нр╕вр╣Ир╕▓р╕Зр╕лр╕ер╕▒р╕Зр╕бр╕н #р╕гр╣Йр╕▓р╕Щр╣Ар╕Щр╕╖р╣Йр╕нр╕вр╣Ир╕▓р╕З #р╕Вр╕нр╕Щр╣Бр╕Бр╣Ир╕Щ # р╕гр╕╡р╕зр╕┤р╕зр╕Вр╕нр╕Щр╣Бр╕Бр╣Ир╕Щ #р╕бр╕лр╕▓р╕зр╕┤р╕Чр╕вр╕▓р╕ер╕▒р╕вр╕Вр╕нр╕Щр╣Бр╕Бр╣Ир╕Щ #р╕бр╕В #р╕лр╕ер╕▒р╕Зр╕бр╕н,0,4
27,2922087515587235982_38297733606,2022-09-07 14:13:18+00:00,nail.pui,"ЁЯУгр╕Ыр╕гр╕░р╕Бр╕▓р╕итА╝я╕ПтА╝я╕ПтА╝я╕ПтА╝я╕П 

р╕Ыр╕┤р╕Фр╕гр╣Йр╕▓р╕Щр╕Чр╕│р╣Ар╕ер╣Зр╕Ъ р╣Ар╕Щр╕╖р╣Ир╕нр╕Зр╕Ир╕▓р╕Бр╕Ыр╕▒р╕Нр╕лр╕▓р╕кр╕╕р╕Вр╕ар╕▓р╕Юр╕Вр╕нр╕Зр╕Кр╣Ир╕▓р╕Зр╕Чр╕│р╣Ар╕ер╣Зр╕Ъ р╣Ар╕Др╣Йр╕▓р╕Ир╕░р╕вр╣Йр╕▓р╕вр╣Др╕Ыр╕гр╕░р╕вр╕нр╕Зр╕Зр╕▒р╕Ъ р╣Ар╕Ир╕нр╕Бр╕▒р╕Щр╕Чр╕▒р╕Бр╕Чр╕▓р╕вр╕Бр╕▒р╕Щр╣Др╕Фр╣Йр╕Щр╣Йр╕▓р╕▓р╕▓ЁЯе░

р╣Ар╕Ыр╕┤р╕Фр╕гр╕▒р╕Ър╕Др╕┤р╕з р╕Цр╕╢р╕З 28 р╕Бр╕▒р╕Щр╕вр╕▓р╕вр╕Щ 2565 

р╕лр╕ер╕▒р╕Зр╕Ир╕▓р╕Бр╕Щр╕╡р╣Й р╕Ир╕░р╕гр╕▒р╕Ър╕Чр╕│ Online р╣Ар╕Чр╣Ир╕▓р╕Щр╕▒р╣Йр╕Щр╕Щр╕░р╕Др╕░ 

тЬЕр╣Ар╕ер╣Зр╕Ър╕Ыр╕ер╕нр╕б 
тЬЕр╣Ар╕Др╕кр╣Вр╕Чр╕гр╕ир╕▒р╕Юр╕Чр╣М р╣Ар╕гр╕Лр╕┤р╣Ир╕Щ

р╕кр╕Щр╣Гр╕Ир╕кр╕нр╕Ър╕Цр╕▓р╕б,р╕Ир╕нр╕Зр╕Др╕┤р╕з 
тЬир╣Ар╕Кр╣Зр╕Др╕Др╕┤р╕зр╕зр╣Ир╕▓р╕Зр╣Др╕Фр╣Йр╕Чр╕╡р╣И Story IG 
ЁЯУМр╕Ир╕нр╕Зр╕Ьр╣Ир╕▓р╕Щ DM IG only (тЭМ walk-in)
 ЁЯз╕ Tel : 0932307209 (р╕нр╕▒р╕Щр╕Щр╕╡р╣Йр╣Ар╕нр╕▓р╣Др╕зр╣Йр╣Ар╕гр╣Ир╕Зр╣Ар╕зр╕ер╕▓р╕нр╣Ир╕▓р╕Щр╣Бр╕Кр╕Чр╕Кр╣Йр╕▓ЁЯШВ)
(р╕Ир╕нр╕Зр╕Ьр╣Ир╕▓р╕Щр╣Ар╕Юр╕И р╣Др╕бр╣Ир╣Бр╕Ир╣Йр╕Зр╣Ар╕Хр╕╖р╕нр╕Щр╕Др╣Ир╕▓)
ЁЯНАр╣Гр╕Щр╕лр╣Йр╕нр╕Зр╕Юр╕▒р╕Б T&T р╕лр╕ер╕▒р╕Зр╕бр╕В.
тШБя╕Пр╕бр╕╡р╕Чр╕╡р╣Ир╕Ир╕нр╕Фр╕гр╕Цр╕вр╕Щр╕Хр╣М

#nailpui #р╕Чр╕│р╣Ар╕ер╣Зр╕Ър╣Ар╕Ир╕ер╕Вр╕нр╕Щр╣Бр╕Бр╣Ир╕Щ #р╕Чр╕│р╣Ар╕ер╣Зр╕Ър╣Ар╕Ир╕е #р╣Ар╕ер╣Зр╕Ър╣Ар╕Ир╕е #nail #nails #р╕гр╕╡р╕зр╕┤р╕зр╕бр╕В #р╕Чр╕╡р╕бр╕бр╕В #р╕бр╕В #р╕Хр╣Ир╕нр╣Ар╕ер╣Зр╕Ъ #р╕Чр╕│р╣Ар╕ер╣Зр╕Ър╕гр╕▓р╕Др╕▓р╕Цр╕╣р╕Б #р╕гр╣Йр╕▓р╕Щр╕Чр╕│р╣Ар╕ер╣Зр╕Ър╕Вр╕нр╕Щр╣Бр╕Бр╣Ир╕Щ #р╕гр╣Йр╕▓р╕Щр╕Чр╕│р╣Ар╕ер╣Зр╕Ър╣Ар╕Ир╕ер╕Вр╕нр╕Щр╣Бр╕Бр╣Ир╕Щ  #р╕Чр╕│р╣Ар╕ер╣Зр╕Ър╣Ар╕Ир╕е #р╕Чр╕│р╣Ар╕ер╣Зр╕Ър╕Вр╕нр╕Щр╣Бр╕Бр╣Ир╕Щ #р╣Ар╕ер╣Зр╕Ър╣Ар╕Ир╕е #р╣Ар╕ер╣Зр╕Ър╣Ар╕Ир╕ер╕Вр╕нр╕Щр╣Бр╕Бр╣Ир╕Щ #р╕гр╣Йр╕▓р╕Щр╣Ар╕ер╣Зр╕Ър╕бр╕В #р╣Ар╕Юр╣Йр╕Щр╕Чр╣Мр╣Ар╕ер╣Зр╕Ъ #р╣Ар╕Юр╣Йр╕Щр╕Чр╣Мр╣Ар╕Ир╕е #р╣Ар╕ер╣Зр╕Ър╕Ыр╕ер╕нр╕б #р╕гр╕▒р╕Ър╕Чр╕│р╣Ар╕ер╣Зр╕Ър╕Ыр╕ер╕нр╕б #р╣Ар╕ер╣Зр╕Ър╕Ыр╕ер╕нр╕бр╕Хр╕▓р╕бр╕кр╕▒р╣Ир╕З #р╕Чр╕│р╣Ар╕ер╣Зр╕Ър╕Ыр╕ер╕нр╕б #р╣Ар╕ер╣Зр╕Ъpvc #pvcр╕Хр╕▓р╕бр╕кр╕▒р╣Ир╕З #р╣Ар╕ер╣Зр╕Ър╕Ыр╕ер╕нр╕бр╕Юр╕гр╕╡р╣Ар╕бр╕╡р╕вр╕б #р╣Ар╕ер╣Зр╕Ър╕Ыр╕ер╕нр╕бpermium",11,85
28,2922064202320123861_8011243780,2022-09-07 13:26:59+00:00,khonkaenuniversity,"ЁЯУв р╕кр╕бр╕▓р╕Др╕бр╕ир╕┤р╕йр╕вр╣Мр╣Ар╕Бр╣Ир╕▓ р╕бр╕лр╕▓р╕зр╕┤р╕Чр╕вр╕▓р╕ер╕▒р╕вр╕Вр╕нр╕Щр╣Бр╕Бр╣Ир╕Щ р╕Ыр╕гр╕░р╕Бр╕▓р╕ир╕гр╕▒р╕Ър╕кр╕бр╕▒р╕Др╕гр╕ир╕┤р╕йр╕вр╣Мр╣Ар╕Бр╣Ир╕▓р╕Чр╕╡р╣Ир╕Ир╕░р╕ер╕Зр╕кр╕бр╕▒р╕Др╕гр╕гр╕▒р╕Ър╣Ар╕ер╕╖р╕нр╕Бр╕Хр╕▒р╣Йр╕Зр╣Ар╕Ыр╣Зр╕Щр╕Щр╕▓р╕вр╕Бр╕кр╕бр╕▓р╕Др╕бр╕ир╕┤р╕йр╕вр╣Мр╣Ар╕Бр╣Ир╕▓р╕бр╕лр╕▓р╕зр╕┤р╕Чр╕вр╕▓р╕ер╕▒р╕вр╕Вр╕нр╕Щр╣Бр╕Бр╣Ир╕Щ р╕зр╕▓р╕гр╕░р╕Фр╕│р╕гр╕Зр╕Хр╕│р╣Бр╕лр╕Щр╣Ир╕З  4 р╕Ыр╕╡ (р╕Ю.р╕и. 2565 тАУ 2569) 
ЁЯЧУ р╕Хр╕▒р╣Йр╕Зр╣Бр╕Хр╣Ир╕зр╕▒р╕Щр╕Чр╕╡р╣И 1 тАУ 15 р╕Бр╕▒р╕Щр╕вр╕▓р╕вр╕Щ 2565 р╕Щр╕╡р╣Й

р╕кр╕▓р╕бр╕▓р╕гр╕Цр╕Фр╕▓р╕зр╕Щр╣Мр╣Вр╕лр╕ер╕Фр╣Гр╕Ър╕кр╕бр╕▒р╕Др╕гр╣Бр╕ер╕░р╕ир╕╢р╕Бр╕йр╕▓р╕лр╕ер╕▒р╕Бр╣Ар╕Бр╕Ур╕Ср╣Мр╣Бр╕ер╕░р╕Вр╕▒р╣Йр╕Щр╕Хр╕нр╕Щр╕Бр╕▓р╕гр╣Ар╕ер╕╖р╕нр╕Бр╕Хр╕▒р╣Йр╕Зр╕Щр╕▓р╕вр╕Бр╕кр╕бр╕▓р╕Др╕бр╕ир╕┤р╕йр╕вр╣Мр╣Ар╕Бр╣Ир╕▓ р╕бр╕В. 
р╣Др╕Фр╣Йр╕Чр╕╡р╣И https://kku.world/kkuaa2022

ЁЯУМ р╕Ьр╕╣р╣Йр╕кр╕бр╕▒р╕Др╕гр╕кр╕▓р╕бр╕▓р╕гр╕Цр╕вр╕╖р╣Ир╕Щр╣Гр╕Ър╕кр╕бр╕▒р╕Др╕гр╣Бр╕ер╕░р╣Ар╕нр╕Бр╕кр╕▓р╕гр╕Чр╕╡р╣Ир╣Ар╕Бр╕╡р╣Ир╕вр╕зр╕Вр╣Йр╕нр╕Зр╕Фр╣Йр╕зр╕вр╕Хр╕Щр╣Ар╕нр╕Зр╕Чр╕╡р╣И р╕кр╕│р╕Щр╕▒р╕Бр╕Зр╕▓р╕Щр╕кр╕бр╕▓р╕Др╕бр╕ир╕┤р╕йр╕вр╣Мр╣Ар╕Бр╣Ир╕▓р╕бр╕лр╕▓р╕зр╕┤р╕Чр╕вр╕▓р╕ер╕▒р╕вр╕Вр╕нр╕Щр╣Бр╕Бр╣Ир╕Щ (р╣Гр╕Щр╕зр╕▒р╕Щр╣Бр╕ер╕░р╣Ар╕зр╕ер╕▓р╕Ыр╕Пр╕┤р╕Ър╕▒р╕Хр╕┤р╕Зр╕▓р╕Щ) р╕лр╕гр╕╖р╕нр╕кр╣Ир╕Зр╣Др╕Ыр╕гр╕йр╕Ур╕╡р╕вр╣М р╣Др╕Ыр╕Чр╕╡р╣И р╣Ар╕ер╕Вр╕Чр╕╡р╣И 123/101 р╕лр╕бр╕╣р╣И 16 р╕кр╕бр╕▓р╕Др╕бр╕ир╕┤р╕йр╕вр╣Мр╣Ар╕Бр╣Ир╕▓р╕бр╕лр╕▓р╕зр╕┤р╕Чр╕вр╕▓р╕ер╕▒р╕вр╕Вр╕нр╕Щр╣Бр╕Бр╣Ир╕Щ р╕Ц.р╕бр╕┤р╕Хр╕гр╕ар╕▓р╕Ю р╕Х.р╣Гр╕Щр╣Ар╕бр╕╖р╕нр╕З р╕н.р╣Ар╕бр╕╖р╕нр╕З р╕И.р╕Вр╕нр╕Щр╣Бр╕Бр╣Ир╕Щ 40002 р╕лр╕гр╕╖р╕нр╕кр╣Ир╕Зр╕Чр╕▓р╕З e-mail atsadawoot@kkumail.com 

ЁЯУМ р╕Ыр╕гр╕░р╕Бр╕▓р╕ир╕лр╕бр╕▓р╕вр╣Ар╕ер╕Вр╕Ьр╕╣р╣Йр╕ер╕Зр╕кр╕бр╕▒р╕Др╕гр╕гр╕▒р╕Ър╣Ар╕ер╕╖р╕нр╕Бр╕Хр╕▒р╣Йр╕Зр╕Щр╕▓р╕вр╕Бр╕кр╕бр╕▓р╕Др╕бр╕ир╕┤р╕йр╕вр╣Мр╣Ар╕Бр╣Ир╕▓р╕бр╕лр╕▓р╕зр╕┤р╕Чр╕вр╕▓р╕ер╕▒р╕вр╕Вр╕нр╕Щр╣Бр╕Бр╣Ир╕Щ
ЁЯЧУ р╕зр╕▒р╕Щр╕Чр╕╡р╣И 19 р╕Бр╕▒р╕Щр╕вр╕▓р╕вр╕Щ 2565
...

ЁЯУМ р╣Ар╕ер╕╖р╕нр╕Бр╕Хр╕▒р╣Йр╕Зр╕Щр╕▓р╕вр╕Бр╕кр╕бр╕▓р╕Др╕бр╕ир╕┤р╕йр╕вр╣Мр╣Ар╕Бр╣Ир╕▓р╕бр╕лр╕▓р╕зр╕┤р╕Чр╕вр╕▓р╕ер╕▒р╕вр╕Вр╕нр╕Щр╣Бр╕Бр╣Ир╕Щ
ЁЯЧУ р╕зр╕▒р╕Щр╕Чр╕╡р╣И 30 р╕Бр╕▒р╕Щр╕вр╕▓р╕вр╕Щ 2565  р╕Ьр╣Ир╕▓р╕Щр╕гр╕░р╕Ър╕Ър╕нр╕нр╕Щр╣Др╕ер╕Щр╣М р╕кр╕▓р╕бр╕▓р╕гр╕Цр╣Гр╕Кр╣Йр╕кр╕┤р╕Чр╕Шр╕┤р╣Ар╕ер╕╖р╕нр╕Бр╕Хр╕▒р╣Йр╕Зр╣Др╕Фр╣Йр╕Чр╕╕р╕Бр╕Чр╕╡р╣И р╕Чр╕▒р╣Ир╕зр╣Вр╕ер╕Б р╕Хр╕▒р╣Йр╕Зр╣Бр╕Хр╣Ир╣Ар╕зр╕ер╕▓ 8:30 тАУ 16:30 р╕Щ. р╕Хр╕▓р╕бр╣Ар╕Вр╕Хр╣Ар╕зр╕ер╕▓р╕Ыр╕гр╕░р╣Ар╕Чр╕ир╣Др╕Чр╕в (UTC+7)

ЁЯУМ р╕Ыр╕гр╕░р╕Бр╕▓р╕ир╕Ьр╕ер╕Бр╕▓р╕гр╣Ар╕ер╕╖р╕нр╕Бр╕Хр╕▒р╣Йр╕Зр╕нр╕вр╣Ир╕▓р╕Зр╣Др╕бр╣Ир╣Ар╕Ыр╣Зр╕Щр╕Чр╕▓р╕Зр╕Бр╕▓р╕г
ЁЯЧУ р╕зр╕▒р╕Щр╕Чр╕╡р╣И 30 р╕Бр╕▒р╕Щр╕вр╕▓р╕вр╕Щ 2565 (р╕ар╕▓р╕вр╕лр╕ер╕▒р╕Зр╕Ыр╕┤р╕Фр╕гр╕░р╕Ър╕Ър╣Ар╕ер╕╖р╕нр╕Бр╕Хр╕▒р╣Йр╕З)

ЁЯУМ р╕гр╕▒р╕Ър╕гр╕нр╕Зр╕Ьр╕ер╕Бр╕▓р╕гр╣Ар╕ер╕╖р╕нр╕Бр╕Хр╕▒р╣Йр╕Зр╕Щр╕▓р╕вр╕Бр╕кр╕бр╕▓р╕Др╕бр╕ир╕┤р╕йр╕вр╣Мр╣Ар╕Бр╣Ир╕▓р╕бр╕лр╕▓р╕зр╕┤р╕Чр╕вр╕▓р╕ер╕▒р╕вр╕Вр╕нр╕Щр╣Бр╕Бр╣Ир╕Щ
ЁЯЧУ р╕зр╕▒р╕Щр╕Чр╕╡р╣И 3 р╕Хр╕╕р╕ер╕▓р╕Др╕б 2565

#р╣Ар╕ер╕╖р╕нр╕Бр╕Хр╕▒р╣Йр╕Зр╕Щр╕▓р╕вр╕Бр╕кр╕бр╕▓р╕Др╕б
#р╕кр╕бр╕▓р╕Др╕бр╕ир╕┤р╕йр╕вр╣Мр╣Ар╕Бр╣Ир╕▓р╕бр╕лр╕▓р╕зр╕┤р╕Чр╕вр╕▓р╕ер╕▒р╕вр╕Вр╕нр╕Щр╣Бр╕Бр╣Ир╕Щ 
#р╕бр╕лр╕▓р╕зр╕┤р╕Чр╕вр╕▓р╕ер╕▒р╕вр╕Вр╕нр╕Щр╣Бр╕Бр╣Ир╕Щ #р╕бр╕В",0,192
29,2922032150346636951_14795901404,2022-09-07 12:23:18+00:00,over.pixs,"OverPixs
р╕Хр╕┤р╕Фр╕Хр╣Ир╕н.0895658332 
Line : game_3838
#р╕бр╕В #KKU #р╕Кр╣Ир╕▓р╕Зр╕ар╕▓р╕Юр╕Вр╕нр╕Щр╣Бр╕Бр╣Ир╕Щ  #NU #р╕бр╕нр╕Щр╕н #р╕бр╕лр╕▓р╕ер╕▒р╕вр╕Щр╣Ар╕гр╕ир╕зр╕г
#р╕лр╕▓р╕Кр╣Ир╕▓р╕Зр╕ар╕▓р╕Ю #р╕гр╕▒р╕Ър╕Ыр╕гр╕┤р╕Нр╕Нр╕▓ #р╕Цр╣Ир╕▓р╕вр╕гр╕╣р╕Ыр╕гр╕▒р╕Ър╕Ыр╕гр╕┤р╕Нр╕Нр╕▓ #р╕Щр╕нр╕Бр╕гр╕нр╕Ър╕гр╕▒р╕Ър╕Ыр╕гр╕┤р╕Нр╕Нр╕▓ #р╕Щр╕нр╕Бр╕гр╕нр╕Ъ #р╕зр╕▒р╕Щр╕гр╕▒р╕Ър╕Ыр╕гр╕┤р╕Нр╕Нр╕▓ #р╕Кр╣Ир╕▓р╕Зр╕ар╕▓р╕Юр╕гр╕▒р╕Ър╕Ыр╕гр╕┤р╕Нр╕Нр╕▓ #р╕лр╕▓р╕Кр╣Ир╕▓р╕Зр╕ар╕▓р╕Ю #р╕гр╕▒р╕Ър╕Цр╣Ир╕▓р╕вр╕ар╕▓р╕Ю #р╕гр╕▒р╕Ър╕Цр╣Ир╕▓р╕вр╕гр╕╣р╕Ы #р╕Цр╣Ир╕▓р╕вр╣Вр╕Ыр╕гр╣Др╕Яр╕ер╣М #р╕Кр╣Ир╕▓р╕Зр╕ар╕▓р╕Юр╕гр╕▒р╕Ър╕Ыр╕гр╕┤р╕Нр╕Нр╕▓ #р╕лр╕▓р╕Кр╣Ир╕▓р╕Зр╕ар╕▓р╕Юр╕гр╕▒р╕Ър╕Ыр╕гр╕┤р╕Нр╕Нр╕▓ #р╕Хр╕▓р╕Бр╕ер╣Йр╕нр╕З #р╕гр╕▒р╕Ър╕Цр╣Ир╕▓р╕вр╕ар╕▓р╕Юр╕гр╕▒р╕Ър╕Ыр╕гр╕┤р╕Нр╕Нр╕▓ #р╕Щр╕нр╕Бр╕гр╕нр╕Ър╕гр╕▒р╕Ър╕Ыр╕гр╕┤р╕Нр╕Нр╕▓ #р╕Щр╕нр╕Бр╕гр╕нр╕Ър╕Бр╕ер╕╕р╣Ир╕б #р╕зр╕▒р╕Щр╕Лр╣Йр╕нр╕бр╣Гр╕лр╕Нр╣Ир╕гр╕▒р╕Ър╕Ыр╕гр╕┤р╕Нр╕Нр╕▓",0,7
